id_gmigration_pass,pass
1,374a49990fe3fef898eac680437d12e0
2,b0ce9212454425a9694888dfa8ff45f6
3,501fe52efd2a2195c6a17ea3c22f6a0c
4,910c3785d74420721c081d972127b776
5,efdc0b4a0227086056981483e9fe6512
6,6b36f6f92373b6368f0d95c8ade5e07e
7,0c5b9a6849a1c08b7fc31cf731493cd5
8,f28d474fad1930f15aed81149472cac4
9,6ab83c2fe635eeaafb2791ff4dd30a2c
10,6d04459bdd2591f0733f41c31cc48af9
11,5e4acf5648ae2b3521f3cc807e4aaaba
12,b2b44cdb8be2815d13fe9ad625b71605
13,e8cfb1060afee6c617f05ebe15c59865
14,a9c72c3cb4d0c31fbbd1413e0f0ab62c
15,65b441cb406bea28aea00fba07927a23
16,7791fa633ef8d430bae030af2d4f2311
17,59b4244b26139ea78611107126868704
18,cb7ff45849341ff263ae2a132233f239
19,a2282fac989b70c81d784e82f72faa24
20,4492626d312d65e6d3a9567caa8f0166
21,e1be4b68900fb961541734993e240176
22,ce28629d7c814617b5bd7addbc693082
23,1bdc7820ccbc6e2b91fe433807d9b3ab
24,337a414428708b993d5246b9ce8f2906
25,0b2b3a807c93b3498d91d4d72b110d19
26,e02ec1e58d953cc1ee204223dc6c3010
27,04776a97f72f0d2d94493d0620696ac4
28,035d301879800ab29f9c2ea129f71f16
29,c9d5fe69d3956d08ca2ff2053d220780
30,7635358180e31d9e6c1af1c3ed08568c
31,ddf9cbe216f84fec072effdfb9412d0b
32,5821200d1425da2b33c9b961cad814bc
33,acdbb6aa275927426abb087129a11b88
34,5d0a2ff5e672b13c2ce6ea298ba961b4
35,222cadf9e6efab43c9b9bf50b622aaab
36,904a9735bc2aee75f6ab4e21edc55963
37,015d58cb28002d8be3492e250f7efaa0
38,0777184384b0dc4ae4ae10796fa4d441
39,0edaac500de0f8512d7e9cb3ecb37fe8
40,8b6c532ac1e407b0cf020dc1b4c1ef8b
41,0827afd77fdb25d553716a5d98b76069
42,d30a43778dde3075004bd98b24ddfc9b
43,79fd9d351dc94fe64f484787dff2d4e4
44,08a3dbaff10b86b30648fc2c415300a5
45,ca98a930f63b2cd7df99a43008c3129f
46,c6fdda0908ec78da6fae43b6ca160acf
47,a1c6d3d0503555d049bf813dbe871248
48,5c4c3e817ba0be2c818e5780612d90d1
49,736f0691e2d1e018254ac7b6e7fe81d7
50,d66d3f05aa4f43a552b8d3f41ea06374
51,2ee633c8a752ea6a8942af24ded86ff5
52,a491eb668572c09f2e18e901c6186b76
53,005e643790000c2ffb2672ad8f46237a
54,2a1f2a5d92e416402f8915eed8e5d58a
55,c186d87589888d5dcd6cf3181acdfe25
56,ca90d88b24062a402d5ff127565eaea7
57,eb60a595c55988089435151e20ad539d
58,05b67e7a362c59af29cc2922e803e7ba
59,69952d34e62962cad0415c3f3f184f86
60,531b5e76d7a43f33b6010cd75d958ba2
61,d4f55b38e4bba541ca7ae772b1eee731
62,0a53247a405fc0f26bbd197470c82d99
63,55244ed49415e0aa90533b9f81f13470
64,f1ca0896544cd9dcc8bd2f1966176596
65,0d6198094536017e6e4f2009a8bffe3c
66,6f1ef600255f9f65386da32012887bdc
67,a518ba58073fffdae52e6ca2eee5c32b
68,0fcd6abfba8df8180c54451222f37ee5
69,1948faf8369377261e2169e3dc5432cb
70,1e3d6c03134f611d73b6273a58b72015
71,03c95c359ac4e3508edf8c7e4c3bbedd
72,856966e93375e7335546085153e57534
73,76056d0ae957c74ff425fdde255b2da1
74,e19fad0d6e20ce9f2bdb2fa345ccb31e
75,a92355ce098ac819fc11c5357254b22c
76,1a4556b69bcde250aa704888c227b64d
77,fae2f876c17135d0de6b24d5602921e9
78,71870c90c66dde5d1044a791479bd05c
79,9219a5bd64b8cd9adc6c3fbfc473935d
80,4007cf74913695f0bf6e68bda36d1a86
81,77f60f236e4d309fb4b2e98f8d965365
82,e63681ff642c0236221169ecf23dadd0
83,f322c26df77e9b60ee4302071f1cb668
84,d76f00bdab2baf50f868502672467692
85,57309a31c5fd49c850f642234bebb270
86,912b1d99e254bea8cd8802d60feb324c
87,98d0c4e4c296e4d7c1aa732d05d090b9
88,4e5d377fc9e43b70a6d0f6f6cf368cb8
89,a25d5a89d0296d024489898cd44237a0
90,4e3ca101126ecf2ebaafb269b082bd12
91,0a646e0a12cfe22afebc99ead254ca64
92,11a51c782fae4b66f1c059ac205d4f9d
93,1268d9b6112f4abfbe2e2b7d36d6084c
94,ecbafdc9162cee25a18ae3de622dc014
95,fc18106f80001867730f9cd27c761845
96,d3252316d083ef598a55e3e7b292c790
97,99fe26a7c1c9169becfab0da0df46d8d
98,0db05e5c1e1699cc3042c26fae68b0e5
99,a402ed9a0911375c8f9b541bc4a026ef
100,e5f024bc0720fdff9999d759a487a8b6
101,f51e988fe403d9a09a76eb12a969d991
102,f907f928a0e15f38fb19e3dbcb481d77
103,5f706c4d1c1fce47f30b0ab468b7ec99
104,41c36eafae1f8aecdec9f0d7eef4aad8
105,99ddab1a5eb5cd8e51e16a8451fcdae6
106,317bc2a8975e939bf4fa2fc7febf18df
107,a4550842ca01632af6a4d761699b3d5e
108,ca4400c8a455ac1d1c6606b62a382438
109,bbbe9fb5d06dfae7688a71e110c24864
110,01a801c4e326efb9d44123ae89763743
111,12115419ffc983529c6126563b30db39
112,660547b68b0998588eef85aaee22ef63
113,01a4a5eaabfba533233fc38c272ae468
114,4ea4d6472de112a8eb9e1464f105c4d9
115,bc402885fd69188c62082ff8b6543bc8
116,57445055c18ef0e0f9028f8b9712ba72
117,c1087ad799857435d4e51db43ca7fbab
118,573c61c4699e0404bf5c21d8da1819e3
119,e932caea8d21c695117d44a94123a02c
120,d709cb9739e1991ec04287138b493d38
121,a858740f1e653dabcdaf1923a7d4c337
122,43731908c993397342941b54b629fe85
123,f1289a683017ea81f9923863ee65f7d2
124,21cf4c13a269c23cb0b50b88ed9aeac9
125,27f9844b1b3af0026929b170280292e1
126,af595668bbbc4b151c62a649ac003b05
127,51423a29ef59124a2150b338383e0279
128,48c7b42e79497272645dc059ac3a7b8a
129,6ccc477b82090bb216ec513dbc508fa1
130,b5576c53ae7d0df4e2484757031096dd
131,c5f651048af89fffcb7086cf43ca1669
132,c2dc1f0cd48d290bebf4c1f8a884e1b3
133,7bb46e25302a337a2344fc7aff9ad23f
134,4e3124bb26da21d083d5c3c32e635c94
135,ae4023800d60cb06357b851eb167d3ff
136,3492d4f987440c05e33cc46572de624a
137,6d7d3bb323caf9003abdaa4c437fc520
138,3d5e543734c7e565cbac121d2eebc569
139,fb3ce84894e1e243a1af11d0ea23c87e
140,f5969141dc4fbc90b3302166c4ec84b0
141,1dfb53ab21ae722dc7628ef9a11e8a9c
142,57ae157d07f27114a37e99dfa94c993c
143,d937431f315ede5cbe969828aa889486
144,2d244722aefac32df5736c18846fe920
145,75215a452e876613999500695388b1a7
146,719821904dbcbfb874b5f33fd2ee7151
147,54fe0d31bfbfa768c6d84aa68b7b2b7a
148,0af3711521a1f73826ce6c843dc0f3c0
149,3a66f1dbf783bf17cb19bd630d122feb
150,ac4a070e70b8b71b5e4e11dd3dfa85e1
151,ed9deddaecb88703a00c4f2442af6ba4
152,7b6b3504c8724d9a8632400970da0b57
153,4aa26807268ed93b0746718904f10ad6
154,7cd892be22a9b4cb8626a0da6a527498
155,1f883fd7814eebadbeb880be74e37901
156,cccb0bf8912e1dbdb1708148e146ac38
157,a7501b555a36aff99f50b974fabc20e5
158,bd2721a2b681756a2fb03a4c69c71fa6
159,4a64c3ca7ab5d5bf12345b8a8cf0f9d9
160,3f8fde3f694457cb73833e1e4b0d3620
161,4232107877876e065b5214d709514442
162,672500e6cdfe89047cd87623edf6722e
163,cbc0db3bfae1d4513729755571852c20
164,cf20e619b1795bebbe3dd7275da9b2a2
165,fb45ff8d58324daf3675bd1de505e70f
166,6494a54ef40a5fe4fe31e99bf4282414
167,ab1f2d47e71c255969952cf8872b5a7d
168,82dd68b902e5103b789ba92b67afa6b9
169,fd8067e483b937970e09a3b2d7e1cc62
170,476440beb670ac6b1cceb2b3a9f9f00a
171,a1e138778f4e27ac3b220cdc156ecb1a
172,3dd8f202eee4e98e5840d228fc577378
173,6ddbb441c9a0239ad98bcb09c363c74b
174,9d0360793edb2e0fe92fafeaf9cc68c1
175,cb0314e0acd9130bb6a2481f3c7e97f9
176,e6808ad5f8e03afca9cccb2e0f7b2675
177,554248f054abc8b8ea0e36e19874cf96
178,1a67f4cebae6b31d30c71841d42fd5fb
179,552eb534217734cc34689fae393b3f03
180,a2be08d3b63684abc71418b83a945924
181,f5cbe5f3b17319477a438676485dfee2
182,5000432e2e5d3fc3796012a5b12e1fbb
183,2a04c642d9b8628b26ea087c639868b2
184,f14d428a38690a89d2bbf29b0b4229b8
185,d4e9f0eea572ec1b0756fd5e88b00d60
186,417f7d2a92da0887982396df518bc965
187,06f58a9968717676c221db2d8741c1b3
188,ba85a937bc43ee39de047748b96487b7
189,9ad4698a5c032c9f48116fd414b61af4
190,4216592dbd3f17d6b76c94c85ebc79c7
191,207671b80789633c0e2b2d86dc61ce19
192,b230fad3040954f73eb116b1005c1e7e
193,072accbb4ca4a7ba6650e1cb83078d0e
194,d8e6cbbf7448c4cfb45a76c5cac3c983
195,0f2a00825ba695f9e4b7ae8660d49018
196,4dff2de6e564c147cf83d3245d362d8c
197,cccad7f9f1e32452856bc7036a9a8bc1
198,2b015065c6152fd09e18ccb67abb668d
199,12293668019728504eb66952851bbae5
200,a15f24a7028c6afc692f2e3eb9b2404c
201,0f39d62119b9e0686f72206ba695b928
202,e715f5003fc98630c6a5703921f60861
203,8355020f35ea4fa5b7b6fb068d3b3c27
204,0f7fc0027f45ecb981849437f27005e9
205,5680d6b514eb6b53adefe4e2200d01d0
206,93bc7a14f0d46c3a9817da0c1092bf54
207,9fd737bf7820213eb99083cc0547eec1
208,b3a924d2636619e895cbee40bb03b2fa
209,8e30dc7716f47285e9155623b8e256c7
210,097bfcaba776485a41b8184dccc9d65d
211,249b99cb054ce59d39e5305c7424ff4d
212,4c037ea8904a8ffa86490fd17db0b13f
213,f044eac7e7e43c58a9b9d1e3600c95d5
214,dc7ea5664f5b6f7d2566f271643151c3
215,ae15b412fae8f72f514c49d45b0acb04
216,7f632e5bf728730b9c8ff106eb775147
217,6ec91a94bc553d31fab6f2d05254f2a6
218,a3c7783b87bdade4eaf3f572980bf07a
219,4fb4031c0e8a5e6d9bbaf05a2da92227
220,a551693029dcc7cf0fef7812d723ec2c
221,c099806eb7fd1a61bc353884aa1cd835
222,3aecb2819bb182098c2a1d6c7fb47a9d
223,a073df119882dd64cdf78b719e2d6ea7
224,636a71d4546a2716efac786045343bf0
225,b8f6400a99dba76ee78dcc19ba48c04b
226,476cef500ba6cf2fa7b329736c0692f8
227,c4b724f0a421431a83b24b3e50e13179
228,f5cef83771ee3fce59da960bd151ae1c
229,ea75e511388870d61d961243c32478be
230,7084a0e40e60bde009218b5d3b9aac07
231,1ae03fc41f4553b427bd37598b93d63b
232,21297358a2c0e30c31d69ff80e0e3458
233,eb07b8f09a8987711fb4ce962b4345db
234,b0f162124973c3cc830a46566735bc68
235,650761934a20e13a3fee40cbff9121ea
236,c827acfec4b6e850fbf484f04d6dfff8
237,e38ace79329dd927e1eec9005ba07e9e
238,3612147158e7b5264d8e0bf56549bddc
239,9d8628b99961c383c35162739cb98d70
240,efafe7e805ce543930df285e7e76a8f9
241,ef4ba0407986bb45ab0176da1dadddcd
242,c2264dbf83bd6b57d7f9915c3dd4994d
243,ccc0ff8931e1e4f7ca2f2a2c12066d4e
244,1499941dfebdf6f3b6c4471da4b837bf
245,0ed1daa70c5f267236315619cd76f7f3
246,4f7f680218ac9b7bfb83d9481b648c7b
247,561e56b30608489833118f81f5cc9f4c
248,51f91e2e75486cfef5d46265e444539c
249,e6454f091c11de583a576c61b6675eeb
250,f6270a2521f7bf9c0ca534de88ad4ec7
251,851235e2546022be23eed95968bc2272
252,973c170f6ce2c8fd5713ea0b48b6f020
253,aa8c723c05f5908cf04b9782ab9be017
254,f52efee056eed5e4315546278b9eec85
255,f672a37a86a2e31a4e00f734482160bf
256,5e84ca171144258f2ccde9a51565eef9
257,df04fe4c7c965f8d579fbf669ece587c
258,8d382ff80fff09b923fbac475a0cf2cc
259,a91a83ca114091d235797965261423fc
260,e5d3fd64815785f82503994c888059c5
261,83908f057414321747ccec9bd7904ffa
262,6d29be1c702183fca37ee1495d1f3572
263,f07045483184d221c69b901d22b1f280
264,06dd6e4d8a40d6bb32e4280b26c10eb9
265,06dd6e4d8a40d6bb32e4280b26c10eb9
266,4ffd7adfc06e317755e9ad86190d9573
267,b8cc6181777a616b8233ae7c58de615c
268,8871d581314c94565d032614cd859f9d
269,a4f5256769c565bf0244487983d5b556
270,bea3e4e60b1c748ac66837deb90da126
271,600a7d0c0e8334ee32cb55101519a895
272,0814ef800de7f5391247944eb38a9ccf
273,ab8d64bbc701b1868bc974b89d96467e
274,f366c5aafa8738b2b52a3eed9f4b7b86
275,009d5fc5912c9edaae64ad469e8c3270
276,c919bf622db2ad33efc31bcd234626e9
277,3b3afaf6902c78445485d3a2f765b6ea
278,e9eb4518745c5263c6738ee142416ff4
279,67a24b87e252350a0328811ecb8a5153
280,511e30c0caa7ffec36711e24d07f7645
281,651408c12a7486527320885b09d282bb
282,b4ec73db13032c366e9e05b47ecbf8c3
283,59b25087a0a7db3c46f00948da1ff7c2
284,6be7dc03be097e00c5afeffaa821141b
285,7ba90ebe770134a53bebb1b03f8025e8
286,c055dd43ec950707e03887b937b9473b
287,043bdacde0fdd26f97e359dae37072ca
288,2977930ddeb34047f1de0d177a0a4116
289,120e5348ab0b13d3beb5efc26ed011b5
290,e162802535ed6f4298dcd2f827d058f9
291,e7749f28583f1e4bc04674d1c011478a
292,c0ca003e18bbe8c41154e3e360a86038
293,c50f0faa7d12c6061579d576831b3e22
294,0a6975261c1cba7c0c298af137857e6a
295,7ec8ffd6c53bd35a3a812cbe439f7709
296,8b16935ea372203be957e1e4f63a8cfe
297,678844a3b06ec0529e271a04d96698f2
298,9f3093a267f83eb6496a146523954686
299,4f394ccdd94bef4f5335d3e047b17d6a
300,a0485674bbc57522c5b5e6ad1b72729b
301,7acd3fc8cc7b87a4748f7222d87eaf06
302,0de8886568bf8d4497b355b937477c80
303,bac1abbb5b8985221f009dcbff78eaab
304,5deae7c7cd068f3497b2ed09cd697609
305,c3c001bc6dfb83dfc042c1cf7c643448
306,cd906840f5574a3b2fcb4e560b76feaf
307,7c84fa10e2ca6ea57b84cf384579c66e
308,0488674f859f77aa79aceb0aa39acc17
309,e14b8ac349cd5fda14bcbb2685cff8b4
310,ec541e5f0d9a7e1de4623709ccc7d29f
311,eba50139392dd9d82b35c7e7510a303a
312,e41de398a95b7360310ca972c0094fc6
313,66f29352aeaf4372ef1360e58e6b1658
314,5203158ff0759573f90c82d06e9fe8ff
315,b0241ffd71b53cb94b2fe0ef579c9586
316,c5d49155141e580b769ac726ac2ed5dd
317,03200fd4af0991c44a91b1916d724e9e
318,9994c21832a8fa80f549f5fd441bc429
319,2b6e43c3a0a7bd12478ff293be0e51e8
320,2280cd63ee9e5efbffc19a4d6c11f41c
321,3d6283a96fa64b6867cc871c91b3faa1
322,34368b4f8d7408c85d179e09010f865b
323,ae844832fb2321076cf1ec80aa9a0666
324,be7161db064e6569e98a3e6eaf93beb7
325,51927e2b9e4cf64f247b63dfba546176
326,8c31432f287f3f8608e395f5fc9a5aeb
327,1ad45d726b6e4d14e71875c7dac78e74
328,9b1aa853677d1c4134d4f178402bd475
329,7351d5768096d5dda5f9199ac0fb2eb6
330,cb72bf1fbd5db019d99bfe2627001e95
331,503126077636f0bf230ccfe40277eaab
332,b121c04a7b254dad0fd44722f22843fc
333,3670f3673498bb8145112f46c444b64c
334,8c75775b70611931893d521634d1c68a
335,0eff56f4289d00aeddd4a10fba1142ef
336,25f986a0d43191e359b10e3f5b896c65
337,0278f2682486b5715ce75589ded033f2
338,b5d767a248bbc7fc4bd6ed548440e265
339,10eda0c97af520c431fd44a3d6baa6d8
340,c388c464b137466c23958bf7d61ca029
341,a1d7992122f4f40226bb237e4afcde46
342,af9b993954e985220d9abdcf660c27a0
343,9a4e13f57c644d200e8878d6495b4499
344,c2ca2e781c4f0b056e9ca08c7f65c715
345,83f42a0a39acae99460f8f1addf656f2
346,73f130584cfcb8a5a3a50e41c49942e7
347,bb31708cf20f6e3fb22f2f790adbd6a0
348,f19a28d6b99df05823450b4c074af05f
349,76d78b5a9b14dea23168aad057e59610
350,28c8b8899e05977cfb736c35887284a0
351,1bb4219a4cc41cb1df0754d2f80bab6a
352,b2e8fd53631457c0b37b6b241b8779ca
353,53025681fb17f58351b05268efdc63cc
354,8d792b87b4e239dd48f29cefeedb15a6
355,6829015b6c7c9c76402edb014d17fc66
356,3a9ade0013fddd1b11253531005dda29
357,7a67b9bfdfe7ba990dc611ec5f6d9cf5
358,da7b329fc3989d8ffe71f3a540c94341
359,cf695e8c71f411f801ef0ecbcaadb073
360,7f3458357ce26455ba203a4e8fce4a1c
361,4b1ba532a3b9884d542f575a8fe7b79c
362,6450bed035889ef900fd147b56e57565
363,2389f04a6b775afc3e04029049912691
364,91b9ddaab33cd7d80e725436222ff3eb
365,6ec10d02b02ce7eba03eb50dd52280da
366,6e6cde7af44055dfc2598c2fa8d2e102
367,70feda9c856ee5074718e8999e784134
368,0aa01ddcbf7cf5e6fa372971f252af62
369,375f4173c260254bed4500cf64022e8f
370,171c87dd6b35eb786c8fdb18e96aeb01
371,0f8cf4e05d09d58fe9c05f00d2a49049
372,61f4f6699b81e365345756b9b13c7f73
373,9d98fb219e992599985d5f06810a1a3b
374,aadfc240b1d04728f5e5cbaba5be169d
375,3816a6a84c28b5873d15a355cf2e5aff
376,56b38300889d0d5390bbd441a747198b
377,4f8d95a69d065587656cc019fadaaba3
378,443ea6cf0a199e11ced81c9fe146881e
379,2b6828ec6a50667b3fd5fc6289e68d1a
380,4dc8cf7575f13680b2f1be1bec8ffcdf
381,f78f9ac4536628624f75e37843487ef8
382,0d3aeac7db8c70827c383b3af413893d
383,3c91b448a4c274b4de3c2ab71242e0f4
384,edd1f4d4b5381c8432516499eeea464d
385,1a136113dce38a74e187be55ad6787e6
386,a29a8e5aa087fee1714c776016ac2493
387,812c26b221aa4129ea1a5abefde34b90
388,aac2a8cbd62b344b2353fad690eb6250
389,1ef092056cb8e868eeb6b3c691533dc0
390,8b1e70b018b67e66f78608eae191fdf2
391,c65e44b95f9be6bc0192555e5932deaa
392,d6b77d492b11131c183caad0c528ce88
393,a073719c738f01679a61cedbad961b7f
394,ce8a3d307638daeb24e1543209fb73ba
395,26b6e86f7c9efd4a42d60fe964d2964d
396,c39dfa2526461df1a4ba56b1fc90a5eb
397,a2fc999492816f3cd21353ee8b5458f9
398,14e8ba839a67043c1d720e47c2920743
399,8d9a58e6de850a80a660d42f4053de6d
400,3473d650aea13ca9789a46e4dc21b916
401,9e3ce8bb993ae5f5234736a73ffe6904
402,a5b5991e70a50f16da4143d8ebc95a29
403,4c82500a4742a1bb4e73e173d4a2314b
404,64d80f14390683cbe146709aad925e8a
405,a1dcd68e599a4d975d0dcb743d601610
406,262b7a7903b50ed0c9d348824f84ce4f
407,b5594f9d3b454b015c033556f8eee6d5
408,17b395d29b051bf2b1650204eb5037af
409,12759304777b1bf911822d9d633bed5c
410,dc391952ef36b57ef9c31fbdd1fb2753
411,fafff8be1d4629f347d5a6c62c36d719
412,6788fcdce74ba31d2a3e6f4c72b80606
413,9277b3036245bc1a2e55e38e96a790ab
414,4594dabe4997cf20b7b32e8acdae51b9
415,ea7f22a0c82a9a5cedce88f6606cdf80
416,e0586559b5fd21394fcdad9938325c62
417,0e044cfc60f8284c19e2a9d9f931601a
418,ff91ce23b148a62c3ea5cda98f334781
419,b3a03bc66cc5ad584da4b3940a6df2d9
420,733356ff3f31e268f63ceadc0203d15c
421,8ec6d1f0d09badb44d909b6c7bdcf019
422,0de1e07f423b2e1a6513b465c925ea0e
423,29bb0102a5f35d97426f10f88216c5f0
424,834e3986e265ea984e2811da60b850b2
425,db124b5b29b2d2a7662237b7b288855f
426,f03b974f2e7450a474a5068b72d5b297
427,5ae849eb848d55e80936651b7f748e4b
428,74481e87edb7902bfc3da6a31a16971a
429,c77f2260bbbe6d41b37bca13ca3a4794
430,c98fbd41484e27ac4616c8145a55f5a0
431,2de4d82b74e4c86b55fa3766175bbafe
432,d83eb44add954babe7075b281bc0e706
433,f9e9e6194f2653281f3794e2049b33a8
434,cb933f159d76d8893716a75796a985c2
435,77c30d1ce821d44676d6760fb8cd3a02
436,bd5f21fa48887c0785e1199307b67af2
437,ad2c1148a6cf548d884ff434d968d6f0
438,e3513f34461e3d3b642fe27c0b10c075
439,3435ec66e6ee49c807e1b76352ed0bd8
440,febf4886e83264ddda7f28699ae0b5ae
441,f9755597b7e634b0f99672f5e8a42fd8
442,c3fa60fa44940cd21233b7fc1b275b99
443,149958a7b89b36a2a2e8117885cea1cf
444,c694ab4c18f7c377d59979edb9fe87d9
445,50130196479f23f60d8f593aa6dfc9db
446,0841cb5f9778b5efc1c0b071f0420617
447,9ed99674312874d44fc917fa80bcb2e2
448,37510a3f48e0875fcb4786a875f19d28
449,e4c348bae28708e47764c2e67816c0be
450,61a4b8d63921e92d2337ca60758a7962
451,6dfbf0445d99b890ecbd951b659fb9e1
452,bb057f1ad3deed9d80937b9bd1fd927a
453,7d8b7869c287322aa6d858e11e44dba2
454,15c9ad779ff499e04b26ed773fd41570
455,98145bfafd5a73553a93d1af27c36c61
456,5b46f9cd9ddd1dbece816d0a3e24d014
457,ff1fbcc85a86e4fb4ee26395fa47bd9e
458,e2f54ce33010259235e494a692230544
459,e47c00096a3241d7aed5370ec7c11417
460,ae6548abce661147d4d9c7cb813c21a1
461,9c08b992576c98fc03d9e852bf9f87c2
462,e4ad5586910aa4cac26f80b64eba70bb
463,2740245c3663cb219cddd6ee4398c4f5
464,f7c4e889747be62a55878102d7374985
465,091394b94bcd1c22f94b3e2c5ace17bf
466,e46e15a50c609d173b9936860adf78c7
467,da7b329fc3989d8ffe71f3a540c94341
468,4e2e88535980da10fd864a9502b5d8c6
469,225364de0a9a63ab3f2ebdd851155767
470,9cddef6a37dd05e96b09f0335434a4e2
471,254cb77ca221d062d1266e7e87d11d5d
472,8613c83c4e1ef65ac9b866bbc2bc9764
473,48bfbc6bfa0dc5d25184fca6dd12aed4
474,d6f91edb1a212cef95f8f0f8d3668d7e
475,69e417bfc9f5007d2609d23b6dcf0f0c
476,cd7f27900c4a55a206dee8aceece11d5
477,92ab477429cfe9da1c82b034219f908b
478,7107dd6ca1e0b85ad30e335eac300a16
479,e9e25700d266e3569218916893cfc40c
480,c78486c7f3edd50cab9588f84ea8c651
481,0b757754b1b9c6e37a9f248285e09b24
482,c601a162c008d26b8d2870bf22d76164
483,1881f29f7e1bb43c53d345faaa65313a
484,c16e103b4ae920d028038de2a8916287
485,a27263754db8dcad5b21f83385e1457a
486,4c654650a2350746c23b12bd87668058
487,b806f20fef84b72bc56ce29b8757a67f
488,acff7ae9e55be1d561eedd23ec6ea745
489,257c20c296ed14d424822bbb8a638014
490,d2e577d8dc5a676f423e281609c7f0a3
491,fabdb6adcdb9be8cd58a3cce0aeef30e
492,e4269f30d3199fb8dcb0a9de78bb3af5
493,53d7371475eb4f19a7cf9faf8ccfa76c
494,37c3afe23f671b67e9129482869e3df4
495,9507c953cf75236d5e3bf485b2163f02
496,6f4a83415a07209d75f78c324277eed4
497,23db2eab22876c79710463a11269883e
498,92aabeca51a994fc5c599617ce158c04
499,7b0f221e0d738f645e0158960de9409b
500,3112120444c54de5fc73115742334ea8
501,1111b72d79d62c59baecc49672ef5b18
502,35d35581e661a233695449b555cdb484
503,52fdb15b5db5da4025786996cdd1589a
504,08f3f326858d6482c1a7f5f82d7500ea
505,a0944094f1e8e9ffea0a41ef9f40246a
506,9d78e52ce8f83f16fb54a5669f14326f
507,366927b513f5f99534e4d1e198dfef33
508,15777cd7b80b2d39c1fccdaef1668614
509,f7a32e94a795a5ee5e91e08dd37ce355
510,e311bd311e2f227757c7395976bebef0
511,1620e79f59e8c417fe2564c4d2dfe3e7
512,29ce7e64a1f743988c223fd500ff41d6
513,41f84d8503f0c82e21cd7e59c3f6db76
514,a3d08ec382290dfce5483495cdf41b20
515,e87e1f1c2461c81f78a173a4d4f11c7d
516,9b4e19d67521ebae57a789167e82660e
517,a63b69012a41b9413858508960b12b76
518,0061d026e72fe9465753934fde8a54e4
519,25bd51955c51ebc8e067a9c9213a482e
520,a92977c3aba3dbbf1d1c0634015b5ffe
521,2c490a93ac96142ddb196ced8de9489d
522,4283aa38350e538af92bd1c4100de829
523,f4f63e1cdd300fab90f554be5a959e76
524,819be2d6b790388c525ca69d2786e737
525,65a18c1a5196773e167c130f58f893dc
526,b7465e92998425b64c3705047a4f6927
527,8f0bdc875d35d6788fe250779bcf1a00
528,e2f184e96d5ad8c954b0844a42d094a2
529,c99d58b782920f5d9f2053d89fa2d64f
530,c58198fd7d0934170a5f5ca6af5b19ff
531,4195722e4567287a70a08d5a30e9702c
532,6e9c6e0069dcbba9b2aaf1c8018d42a6
533,8a7a9814d3a286cb9b584ad975d3a4ed
534,a035aa0c6d00195e1ba8b79ee45d08e7
535,73b9874680912c4dd8d02fcc648e91eb
536,6eb0ac8131c6800c702451bc03db5c33
537,c4b4f80d7a60a4dcae98890871a18d88
538,4e45b8a73cbcad1a1a0f1db2fb9a8e98
539,22f42e8f457250221aa423a96eb2ea0e
540,a40c5dd429f322f8d2cd97f7021c9bd5
541,5a35388ebf7bf0d8d629f1751e6e1369
542,f313de458bf259ce6769b3c0176b8dee
543,ca2924c0e97d785f364aa57ab355edec
544,47343f8b08df30512bb2e52e1fed059d
545,43555beb985c2e62e25d4f00e8702050
546,c1f3430d179fbd8aa255db9469fc5783
547,fa157a90e6bcb75e92146efcfcb32ba4
548,a492bf1c9d94a1c98fe444b83c5cb709
549,0891462b9c2ac8d1897232f3f27429d2
550,37acd8f71f8e3fee4eae6037b93fc2e4
551,ee8701b51c17ecc5cb65ffa7b94d66ef
552,bc3a5b63cb9d901bd1a8054b2f25a260
553,71977e2abe867217869c993aeb185e89
554,6c7ee5b5eb845a2f59a9445745f16537
555,a672a62dad2540c0be00a0aaf801b4e0
556,ef3980a3860eb0e02559589c2371e70b
557,517af214ae944dbf9d264b98fac50a44
558,b8ccfde210d71229d5adc373b92b564d
559,3911f2ac965cbfad6b8f170377d33b28
560,a4a1aabd631aa6d282449190ae4d57a0
561,bd283a28492184492437990ae4ea076d
562,4d9e014dba99593aef416b66afb2be9f
563,007cbb0d9ec3a249c1dcfcbd89079d78
564,233103b5a14714cb8dfc0fde01f44d55
565,57fe23290d3af9648f3a92b59c57d8fa
566,1c1718f130b8a0c0f57ac3c9597ec987
567,39595a581e12ed61d8fbd6d6604db0d9
568,7fc858332d904b53dddeb9a7b5aadfc0
569,3ad699e86d1dbf956349c02aca6173a2
570,8fb5998445c8f42cecf81ea719efe44d
571,071ff4291aa5c24299e223feaae0e931
572,584a57fca1c2c385321e9dcb440fc169
573,30ee943d61ee1819317b3d13f4a55e97
574,d61287f01c0698bd9cb9149166d05375
575,6d63a466ff9af139ef8129e458a81613
576,fd52a419570bfa8d9baef7038f0e4adb
577,c239b17bc86f549733b3443d8885e817
578,5294b6f156f5b70682d5ce423c9070a9
579,d0539016f6efc25dcd50135925616fca
580,f3dde89541b84d99dfbba2e3b869ac84
581,67bbbbbbc9d18ffcd8a0ad5c1db75b3f
582,df32178732b04f3fcfeffac3e8455f31
583,c633071aa381b23d4bbaaa05ef575237
584,c5623247bbdf21761d12fd27b1e3eff4
585,99dc87cba7d47e0211584c8a8405b3d7
586,723c35af500a53b2f986c24c6f066e2a
587,2f09e5e04cbdfd0f44a63b1c64592932
588,011c727dcc7ec407c3248b1f98aa0db9
589,bf49d2062e5d8cf3ae5ac156726a2bf5
590,f8f1461688c86c7eb9f67bcbc7925623
591,157f9a468a26a97eb0ec4599f0f589c8
592,5a99798dc742e7be1b8a99f7a4debc76
593,dc13058fbc902e307ad841d0c9c9aa67
594,0606d1ea8a6b73906e88234fd6d942f4
595,f820994c42f9c27ffabd125b426d499c
596,92d60e0fa51025666c167552a28d1a78
597,ea99558c8efff97eb73401776b1a1d3a
598,bc4da108ce493c42966ed177988877c0
599,8fb2ded763bf702ef0a1f2266c495a31
600,c5dd9cbec536434244dcac5af2392e63
601,cabe098c5c52d23bbf439854eaef9dcc
602,6de43fbfa3463b68492fadd499a17e14
603,6b3e378f38c8b0c43b9e865baf1815b2
604,bb26369102654044b82f07a08ac050e6
605,635898a8d0f31548e79d2495fb5068f0
606,dc13058fbc902e307ad841d0c9c9aa67
607,1e607d2ba59f5c2f0211b81033e39c8f
608,17580326489f527d457d856607f54f13
609,0c9859c062118f21ecd0360f290f8a7f
610,86e17025fdb93a1062e5f73b58446d54
611,2c35016bdb80f509d6bd81e4ea556daf
612,5a576b6ab7e2a0cb99b445fbf0a4d26d
613,c8b643305558ce6697a7b5a190e25953
614,119ddcdce1cd66e978c0c89550e83f21
615,c72c5a8e79ca40258279a780bfd4e580
616,88a37e4486b994882a7869ee477b7218
617,9430134e98e6e8236b0cf22c3ce159a1
618,665a85c2bf4a99353cea8cdf6baae799
619,8fd4637d1942bcd50df0c859bc837e8a
620,e4c8287c641936442978e0608d4af97b
621,6dd58e895a0cda0df58d2067d31b6f83
622,149e7e416914fe5cab675e29a5d11b63
623,b67da969ddfbae887d5dfd3bae551d21
624,34f40236164987a831b0997ca5d87abc
625,791ffe5129ed2f28385af1d61c2ecb6b
626,d0151c4293735c4dced396ba9d836181
627,d71553b824ba25cde14d361eae903b54
628,36bcc243e2fe6af4ed3b46b56a147b36
629,b336c8f30e5bb85e3459eb6e92ecae0a
630,2b31ce89454b066b67317f492521792b
631,3605fd52425b972f3bc003d3badc1c99
632,592897e8d5c99b3b1e87b8bf6a22ac34
633,aa4d4480557356991fa85e7a1459ca58
634,92e980e4525e8e756ad067ab34e6b497
635,d7de53f7919e2ccfdf9f3b3a7dd1c259
636,b35766d2daa640730bec1d70ada406f8
637,fb616aef7c37fc7ea359112183208181
638,f3fb062c8c3c414688d8337bb5fde10b
639,a0793974bafd4d678f0e7265ea34a334
640,b1e98a412189a2e9e7f346a3f890cad0
641,543cf2496d987e4443b95543c79abb99
642,eeb7e3b959383e084ec2e833ade4fb05
643,e7ee237066664df74c0669c117b19cf5
644,954388575d56ed53c41f01e028745438
645,6bca03eaf75fe31655aa0522716d4194
646,e3633755132d8e0cd3994273a36aa72d
647,d3ec33ae7efd6073f51456b75428f1dc
648,83ac109cc2d93b0d4c83bfccaaf48ab1
649,e1e13e02d31b658df17dd6d25dbcbc2d
650,10996450132d83251cdd4570488961be
651,ce67b0691bf4b49454da4ce352e9b20e
652,b6183b324ebfd468541d7d823e42b412
653,a9efbe5c4ea3b389d6c28de9383a44dc
654,863d661d7848574353392eecb463fb49
655,a91ff3cc432219b2af32319dad0c2e54
656,70bd8548fd1444ee416094f995efab94
657,d02e365b578b84024d3e623472c9dd13
658,318cb684949e329190c7f978dfa719c6
659,fc82268e1abaf11b015c24d2def7f312
660,0cb9e255ec7c730e8a99ee570e8b9c8c
661,19c5e2547bf07f420f65f099acf3f418
662,557598ad427da0dd95ebf9cf56b49f31
663,d69eb29c6bb44469dade9b21678662e1
664,a6738b915c7b70a624ae43ec39f5bcc4
665,1071e06f529d18b497d528d9b327f2e9
666,24e8eacb25dd0899a334c0473865f5ae
667,90aa04016b61bbee2b83eed62b218d5f
668,0b7d91db5c09131d1cf4b3806bd1cc69
669,318486282460875d10a3d4de765a608d
670,b61b71838bc01031b2ab6ab7407e71ac
671,12530834084503a661c4274f27d0d451
672,8c6025fa37c56636749b5b25879b9a22
673,fa1a43c84de177d4cce70005b2d79f70
674,278833d3cdb19c0ce466b67150b91cc6
675,91701df97ed183bfe67a5ddae1396b1e
676,5145de0b54ee0de2dc933aaae0560d45
677,3ab1c0fd081b09de3c7b21dad54bff4f
678,fb45ff8d58324daf3675bd1de505e70f
679,b861568eced6de9177c02ed88a4480ec
680,4267ed7c132c2a9b03fb8e3251a77146
681,8aa4b65d7106fe0fd5a16f44a90f3796
682,ecec759ffa9319dbfffca3aefe92b53a
683,1723b036b8a51e1031fff0513de27c33
684,5c450b10e72dc3bcdc08dd2e20919add
685,67ceb4b0b9ffe2c850afea242dbcc689
686,c37781fb65248651761a4d06b07f0db0
687,e38864ec13094bb41c968548f28869f5
688,d88e6d829032b9b9975c449474280216
689,0f6edb45ac18c11edb4c2644df12bc42
690,436bdec11b8a645979f9f7efe743b528
691,6133926e6f08a42335d4e9330a2cfab7
692,0b38fd07a3d0b8acdfc355025090db5d
693,3bc1e73eccc5a27bb60d7439b62c2666
694,d1f062038d8af1cd813a708d89d55388
695,74e56f7e6cd96087fd3f59f949d450eb
696,8725db74d9a4e822be675fa1f3d67a11
697,9fe11540b110c67a6da0cad6355aa0ab
698,13bffa19c6f6764a2c7ae6e57b1a26a5
699,b264acaa0737b91de9b7546ff153002b
700,5df6aace6a588765476ddf0c362a1893
701,7341e1cb96e6d13a173fb52fb6558f2a
702,66037f2b0caba24b4bec88bc1c573fe1
703,9ca286b624187a9b505d296515897616
704,09155323b6dc48f17945fe4a2794eea4
705,8d069271a428e33514393a7ab12d4885
706,923096d98032870c7ad97bda54e210a4
707,96bc7c1e62d561595997a701ab524d2e
708,3792d8e3d7b28f6b56da7d4ff55cf6fc
709,cd3efd9334cd4b1292fc28436589ded0
710,ec4bfeee265c1c86113aebf602b5207b
711,b7e901c8962824dded4fcb8cbb922120
712,2d7c5e6d4d4e7827b209dff0553cf069
713,c60b79002fef94689ce5fbbdb8e5d9c6
714,46db3e5279b7eca1945d69485de108b2
715,f104654bff35d7b3d72d02088f9c65f1
716,6f2d0e50a2f4d547964a4b75d25bcf6b
717,2212f85d94d84472eac62620f90ba412
718,ddb23d795e39fe0a38144e0f4cfac779
719,b0bb032be736bba09ebf1c46fb1b1b75
720,41613dcead736b92267fb324ecf40eff
721,c0fe9fc10e91d5751a5d410ea9ad85bd
722,174ed20c9428b644ec652b9f7428777c
723,10156ff615d4afba73470d963b809b2e
724,ffd8cbc7c87019afb834d7c58537e601
725,bde0a1db13119479aeec7106e82bfae8
726,f2ce98dd610013192f186cb60258e06a
727,0bade8060722836a11bb05a613202fe5
728,73d037f266e0f12466cf523c1219114b
729,4c8728559c38f7b8df8ca6a976989285
730,a33bf4144e062efef83aa83455220e9d
731,87dba20a65669830528420cad9278238
732,80fd74e72862c6100c6216a9e06b68b2
733,dd5fb1e0a1f153018e04e25b208035dd
734,4d3d808580607b2a578af65f05032d62
735,8d746d5130cd0709df46f5f86405502c
736,93c771349918b59857784b892173db1a
737,0e3912bb595d4234a2bc61b987add2d0
738,5da030ba939b82944475a1755b0ebc67
739,cacf78732ad942721167de0c3cc3e79d
740,3ba0ae9dd7dd2fb1fadd3a90c54364e9
741,a86babf792a9a35cee62076f7f997e42
742,892b591b4eea3953b225ba9e6dadc504
743,1ccb4d7e399901b8ed67a37e9398824d
744,5ffdde3b55e6f149264d999b6cddc11a
745,dfcfded68dae44f5f9d00ce28d5dc6b4
746,0268370723d5dde7c422ca8e46b5a1a0
747,df2f21133954730ece60baed302962f7
748,2dfcea61ec503bd73d28bd79667aeb02
749,abd0ea8ce8651e0993a50bc30226e13b
750,90713865fd3ff25d938361e4a36008eb
751,9324f0f6835c7495bb06748247cd6ebe
752,15d586da9f417656c43fb9f2e2c4b37b
753,504d888a5fcbb7b1edc65cb74e86480f
754,f14c614f50a82f424bc5d69325a713e0
755,32831b3ca0e82f42302666dda2a7f75f
756,7b9001cf5966286ebda61e9577e1847f
757,950fa1a7cc8173eacfc50b4b6d6d892b
758,6ac034237360edfe506488e432bba1f6
759,847f863cd7c16c9f54dc83f172a716d6
760,51ee64d0253f52f9a0cff2ff74c66c97
761,f42963357f92dcba710a7df5352290e0
762,78ea5505a0b601086de315c933e63690
763,cceb5b94877a4272e05a055d4d502c29
764,bd2b6896c4e331e6f97e05557380554d
765,ca880e5d41a6d69daf42527a5118fbbb
766,6d987ce6f19ca47c2b207c31b2126474
767,4317ed14c4fc39d6207a389c9537b460
768,d671061806027774ccf94e3c0eab2b93
769,17c02b0501b68651afc1d592eeb4c068
770,3912521d95173a84cd4912ec8caa40d9
771,438e73f6f21bff33b43f619eed95cbe7
772,e0ef5396a1ca31022334d0bd43a76be0
773,9ced9e32f506f916426ced45c0ef2f16
774,48a041d8167d77cb8c382e7e8c5fbca0
775,1c5aa09091c7161081e5a0a946a324ac
776,a0944094f1e8e9ffea0a41ef9f40246a
777,5f3c4e88ac13dd03293b96be3ac635ee
778,6a3de3a1589c662ba6430e352b87849c
779,38ea098c51bdab49b593c89d6f5d4122
780,6b1c010933602f07acc8193b40766588
781,cf9897c34c6c9904a4f10025f5eba5cb
782,861e9aa196b021403dde3c4e470ea460
783,8bf40030cef2318050d3038f4ea7f6ef
784,2af23e5a0d1d3d43f8a49a766e89c6ce
785,95fa177e5bf9cfa5b9fcfa28a657e2bf
786,82b0f18ebcb5e2984b9d66065d141875
787,67606860a6fd8a2a5b4755052964365b
788,cba3aaf2d83805a26be4cbbb5a8fa17a
789,b22ec46d30b3826e92218f7b01865c7b
790,ef8bb87676031a7d8cb7c8787cfc9245
791,030b37f7e614b1ef512c0e54e92c5d7e
792,99a1843836e2e1804e796ad6b19f583b
793,1979da257aba58bb7e8183dfa6539847
794,5572918d96856a2120afff26a1a0d12b
795,52c0f407b34a38132b8c305ccaa05057
796,2c47b7a42ff9cf1eef9fb4ce9158db5c
797,e0ed6bd6e3251e27c73d8eb704cc28cf
798,469c80bb9274f9295f71527fc7e15e0c
799,be384ebc413c4f26213d03bac460df4a
800,1ffb1ed5862993511d4c886b9e584f9e
801,9ecb3c92e7cd879bb92d9be4490bff8b
802,a8a04ec9b5ff3e4353be2a994741dc49
803,2c4501101555ddf24357eca9f3bdaf55
804,5e0c30dc04f298279e256a2435f28c6f
805,feb85303978b0d742fce791e6d14cd3e
806,a1f18af5dd983ff448fe54625496df0e
807,48167390a7c248a39bc139e18e1b6590
808,71caa1bf56e6212f00dd242273833e91
809,04583661031341643ad20280d7161264
810,1315e9cbef87f167cc861f0300df6079
811,12c9c95550bc288ac42496397c55d480
812,bdde0f417bb422199e101066048dd700
813,5cd3dbe50862650e8ea6bb616f03c3a5
814,bf50a7dc2e420ff7ac6ed9450fd89f63
815,63e446c5b65f0ea48b0c269ff63777e6
816,881dacbad05cec3b3977336fa4cdf72b
817,c4000b4e66d869dd862c7d95a60122c4
818,5196d5ab4046449a2850d674162e93f0
819,deec3794a380ba43b440aa26ba78a274
820,a8cec25185a35dc920aa745680361854
821,7504ef7c23c2a44ed8b1971d7937a817
822,5d618e3aefc2608061227bfde24bc7c2
823,81c91363774bc2b5d0d07eedf99d2555
824,8ef87b3d5e7aba1e560930bbae445780
825,7768a2e29dfd50116b31fc868e9e87e3
826,5a7fbaee90f1c5a04137b8e76c8ebf86
827,adcf02db9de96c2dc2f0faeb86b56642
828,82dd1dddd9ed79009befbe4b133914dc
829,31a880e1252ec445ab6c58f7f4acf80e
830,dac4080190e7e1ed30bc850b771b9831
831,d82edb9ae4f360813700613a829a815f
832,5a7ac135d8e20685e2d41231371ef08d
833,bb2c251eebf440334c2f96565f2b62d7
834,b50b36b0a79843603892b12799248323
835,a6c7c5507b83a5b7e1a431425894a0b9
836,48af7b9a128a31608d030e51457bca27
837,446f39ac4cb7496bf9667b81b727126c
838,4dbd82d30c58edd82a3508b17627f2d2
839,712cd5d6f0ed0b09b87faedd25864eac
840,b02babaea891a36d2ce03ac942aaa074
841,94b6cd0c25c87221c87a8f0e46d98afd
842,9a716156a1538641bdb6d61cd9cfc65b
843,ae7605ae14ecf20079714b4ab4418bd1
844,f26233349348176150265c25fa40e26f
845,765de1c58a6f8a27e452fd54bfc2b206
846,2e8023935d151f152bb9b488fc5b5d72
847,63d7ae65d9c88dfdfebfa133931a5278
848,32d428cef87afc0238aa5db3270e08ae
849,53750f4741a4268fe361bde2e67d859d
850,60c03f46bcdbf3bb3b778983f789a5a5
851,cb06233ddb4538d5a97f8f9528ee9589
852,3f7929a36163ea367946070de3f559ae
853,c6f6ca1a22c4ff6bed0437ee12065e0c
854,f3bbfb4490f78c8f47f01ef0b35c9cc6
855,f434a89af3c2d4fdcb9fd3aab49165ca
856,e8581d9fa910ce207bd06913386b1032
857,a267c42533beb8070d411ab6c9488474
858,2a060018e398fc31503956339b8d7404
859,b6d0ed121f85f4a14c03ee2c2aa45bb5
860,7b32d44c056747463548d17a04e105fa
861,99ff1485189ce8dfdb34eba81ce54bbe
862,63b31413f53b54086dde9de30452df3b
863,73cd24bc294211df2ca6ecf18c76deb4
864,aa2fd5f4bc2338e8a2f095d000551c9e
865,ab765d630db84266aa0396ace2ca1cec
866,d0c8dac0edb305234ee48ef11b80d636
867,7b5651323f63a473f1185a77d28dd575
868,62437d194fe42e749e55010b94cf192c
869,6ceabcf27ed39458527b58af19448362
870,7e3fd81ebe57f9ae99099f695a2d409e
871,3e7ebb15043df18bebd3283398132895
872,b4e249b3db021de8d8b3506f7b490f4a
873,a45b0b6d713566ffb7d616c337e1ebe3
874,b04d96deb36aa87289f9a131d8e767c2
875,37d686ba949764ed6420c29ebf853b2e
876,a871ccf757c391394a0014f8f7b69b50
877,6ee5a8a56e1c9bb8c2c55ec1751edb2e
878,ac4fbbb327a4dca6c3c7cea681c4679a
879,4f0d3e991364f7ae20b9b7c0d8b2f2c9
880,8e6372ad9876d8c12297700573c88b35
881,0b12ac1628ee06a4451c278122db885b
882,60e845010520ed0f656ecda4ca5dce56
883,79bc47ab57dc8e20fc7986a09b2de6ae
884,eb3d2995c542ce466404c0cf73f015d2
885,1f36af0fa65a237ad05cfcbd0f21a4fc
886,72b3554e231e97404fad7e0d5d9b9e4c
887,9d1dcd83e0e6b326d9f8a8876cff4245
888,1ee7dab22530f869102d44f1db67a350
889,cce2d63fa052ffc2e8bf24c38f44c49c
890,24e2f3853b6d20f41b2ebba705a7d33e
891,c7ff953614cd7b2cdc2eb01c1eefe032
892,2356ed78ae15c90d5b6e1fbe54b67ae2
893,d001254c832066562d4e2e62ea5d6886
894,3fc4b93228b851d20a3374ef4e767efb
895,3aa0f1337299a153ceac0cb63e4f3ab8
896,e3634fd89206228a3234ccfdd81d18e4
897,1400a4c20c3143f233b580305b23936b
898,79645ce86b736111c895f0446eaca3b5
899,1a1de8587a158b0e4b58acae8b06ea99
900,205625b0e6e4c894dee91bfd3f9810d6
901,524207f33a589489f76d2782cd667763
902,ebd2defc079fd45e6e358abf6daad495
903,e6e7c5cd385a222f7a721e4225753c8c
904,5dda69aed81ebd7eb37209f2ce5e7ddd
905,cb3917bd155839fbe217e2baadf29246
906,2cde287eaa89b7da6b20c2a46451e49a
907,bd9f773ec51d4eaa4ac1188259b407e7
908,b11be428ad3356f01462022449a0a52e
909,b6ef09a34c452a4da0dd07528429d76f
910,7838c438ea002bb136be736eff538b93
911,5ab9a93754ef6235105aa531974bfecb
912,82edb18bfa88839d13a52fa49de631f9
913,fc87e757e961c67c4820205d41163de6
914,c9dc96a23705fd8b4a859405dc481619
915,4d23c6ad322085291738efec1ca48523
916,0b4b7986641ecfffa68ff06cb8c78a23
917,3a720bbc575d596adf51f7dd198c87d7
918,7a815aab790fdb47f60fff7b2ee961af
919,8215c9debc808723f555aaa0f8377980
920,cc45c374d3a176c70999bf669a5a0cd0
921,bb8f7f627f93a4f6ac7cc552de04fc0d
922,01b816ad70e60d989bb3372adfae4003
923,0fe33ab42c7314460a2a6097a5b13a9b
924,15bd93020191caafd731d46a97dab1fe
925,49c6b782d7b88e8e8b6519819fe2d752
926,279331c1ee9affa92f9ce6fed951648e
927,41e06239d489ca50f32bf6a28610645c
928,d2c8d22af8ede8e4896f98e051fd8da3
929,1b7d8b0ddb8fb76b1d101f25e1dd251b
930,9862228271084f3a20059f64f3c37dd6
931,c0a756f119ff353e690479050a0b2645
932,aa5085ae654a870423b953d445009caa
933,1a0ee35e557492b8f487463bfa43b86a
934,0c9afecdd045fe635e64a7c6b42c8fff
935,7bb5ddba603aa6d21b5e0cb28d18603f
936,76d9e2c72316fbedb757bfcdc2c7aaf2
937,d1134f3cba814c09a427261c482c638a
938,8fc485502c278204882f75155947fd7d
939,41da1158c712fcd3802f5edf9ed82f97
940,f702b33926e5d78864663e7ac21849d7
941,36184f1e4f46de1f6866bd6ccbae3458
942,90f0c974b8827cbad1378f3229125708
943,040b9b163811ff03d9863a674e0a4fc4
944,fb493b5ce61b9f36d8c44c8a06a72979
945,07627476040b7b3730e6a54ea57564c2
946,c02f555ed02c856f27bf00f46ff90af5
947,35fb772ad977b40e51d079674a606d69
948,f73fd4684e918d65879eb4d8e876f12c
949,9ef262d9746b2388e61d63564b09b7d1
950,76b9b7288228236c7e59b9fd4249eca4
951,03d8d8d5da4cb00c8092ac4a27a6ae44
952,1eda7c675e6eedc2666ea33b9a72fc90
953,e18492cbeb353650d4e36cd6ccde572e
954,9e2b8673d4fae1567452590b71f75c67
955,69f2be179e853f605c7588180e32ebb9
956,9ffd3d167229813e92bf2de74ceb261e
957,e5eb4ebc5fe51c927ebe4dfa372fa78b
958,9f8e33e28d655278069cd38478a1da93
959,e89c3ee9593bf244e2850a568a22e45b
960,844942b2e339e3c3f21c0cc00833985f
961,2862efa58aa20a08bfaa4a0c518e24e5
962,34951783e5bbe9c8c5a58c51464268ef
963,cd8218aaf804335f815c6716374680df
964,7aa1cdb4d539004f48263117acdb968d
965,4c23e16f73b2924edc0c2b98050af550
966,06b54e0fb1442900808e0f2cd33a67b2
967,0ed14e7bd3fb3c9dbce9ccac1e5ec3ad
968,2a63ab03febfcbfd59ce8de2bb2fbf22
969,2afd27e4a87e62ee09147e1e9c5b608b
970,2afd27e4a87e62ee09147e1e9c5b608b
971,19ba449b8fcefaf0fec5558079185a8b
972,b3629ef78be7658b58753294768562bf
973,360cbcefd71f3868d6eb68f031b8146a
974,6d3e763f56afd7577da12c3de80b04be
975,e45fbe22de9ca79d0fd18d35cf02e985
976,30e237da077bff31b9f8a52825c94089
977,b57fd359cccdab8f6c2b56c1944ae54c
978,f3a3f6bff77bc9902ebe8ca0dd28b416
979,a3857c39e482ba31c3e362d53b674cfe
980,5327d466b6260f9a82252d29305f1569
981,dc4e0602e472cde3ad7260881d3ae787
982,cb97e842be0cbe22c4b1a0fc5792a5bc
983,e6d2957afa02b135aa5db853cfe5c8af
984,573881394ea208918c049d57de8840ec
985,d472892abccf89912850b76f70d25279
986,4f236647d1ed68d6b917e09f55a3c1e2
987,880ffc31999bb2c1a6a72a64c605985c
988,384b01d39074183dfdb30e8236192c2b
989,efc4635cfc2b283eae1371a99a8e9efd
990,655e6761a26dc80d4836a70c15a9d3c7
991,84d6c544c4fef4a2a18213d4745606be
992,2e3506dff34510e99c3d030d6bb2ad1d
993,e97d2565267bc75822429ccc299d62fa
994,6af41860c79a8b6fe386840fa5c607e9
995,4958b60d72698faeb301c2721bcc0933
996,8cca740b92f8499380350d6ed8124cfa
997,c8184e254cdc9fd4d314f741c3d34ebd
998,d8620d51e9d846a94b6d1e6b25e1c348
999,48357fbf075cfee19eb62a14de8e9e0a
1000,9cd7d2686b2c3109397440951d7a5af9
1001,8e97d6e92ffd48e63b84d9aecf18e2d0
1002,1d65fe5c7672b7de6703be286a07f581
1003,242addaa92b9268f5bf8386e2585f5d7
1004,2fc6177b14bb7de354ae3580acb8d2a3
1005,adcc67707d500458d7b2a3be13176042
1006,71cab4e00c69a9af21cb45480709f277
1007,d12cfd73518089f713956f1b4b0711e9
1008,801e0cd153d1640aaba6eb5a82fa5076
1009,c2ebed0edb3eaaeeb7c6ba67bc4844fc
1010,c841a4038f4f3867f45e060a6d0df1b6
1011,99daa9cd24e635d0f180b7053863a945
1012,ac9f189005b87496577191befa680851
1013,3168167b87eaf4f075d035d6bf4b6657
1014,f3c1fecf668fe198233c0c117ba2c823
1015,beaae1435aeb0a93ce38725f5efe0766
1016,ec669dfcaa83897c1a924dc2e4e68a78
1017,025fc204e5adbe74a502a76f6218b9de
1018,370599096ca94319cc632d424783ab19
1019,df9c4a23cc480df1d9b424178b96f5e5
1020,f86cc36ed4e1bececc5b358ea87079e6
1021,b35b9feec3a6f7b534f362188aac0e2b
1022,76ed904d4c76e852208489937b36c66f
1023,988cc4df29e576643e6a6e67820294d1
1024,461d4dddbff08f4679a58653ef9325aa
1025,5b7992ae998495a73b813d56c00314ab
1026,0e43c176f5fe8fac091c878bb8e786b8
1027,c1bc01ad9eb1343735287db1675db4f7
1028,013155128ffb9b03b143b0348d1900ab
1029,245dc73b0172ae3b1260d70a6d80aaa7
1030,4d2f9f43ba434a1a885cf6304b5895f1
1031,bf49d2062e5d8cf3ae5ac156726a2bf5
1032,25a743d57f74d68cec2ad557e576dd4f
1033,2c95035b1148cc859329993266a2d798
1034,acfb12a36d1379e596f477e42816c6af
1035,8cdca60389157bc45a038e9330153c30
1036,2b917fe5a68fa7f532a9d501107bc131
1037,ea010980c35b2d1b00c8ec655e1d57f2
1038,da0889311b55746a71693dc8b25bbe5a
1039,d294ba08a1d63c2fd448cab025b766e9
1040,9104c4f6d3e5eb480e90f2a95c542b24
1041,a9f871f81c800c8fd8c252b533bd175f
1042,d3c8b4fab7071adc8eca2b98cd61e9df
1043,8427322f4e4836943187bd1e3b1eba45
1044,a6f5ebff3896e2837145f759a7fdcf2c
1045,42ec836d6c4c32cad860ca341c8de979
1046,2628cc5b6d82a902abf868a99e79f9f1
1047,2e03bd575342315a1b2b29d2c54d7e6c
1048,676d66bb9f671cc1047d409e8377b6f0
1049,b08b9430c300bd2ab5d7f55f7546bdb7
1050,3ac480cfc423b35390501fadf44c6cd0
1051,c71a8661e1f23c5bff1f0a640e26f08a
1052,bbf886c74ec664387b2bd910738b2f3e
1053,e6bc5677bdc07dc201c86c4b2974bb67
1054,91e828248c1e93c16438d6e7cc4aa007
1055,43b3b59ef30f9e9828bfe340af340b86
1056,7cc5d1e1d299909e3f85deb3b263dfdd
1057,5c10e7f2159be96dc99ec86218bb0766
1058,e626c4e20d957fb3c6feb2b7e6339c04
1059,9974289c214e625d626e47e483718f12
1060,0366e33ad95b1b24c0418a3192aa0523
1061,3703dd1e0b62c95ca206863bf74846f2
1062,0d6eb6813701af5920d92d135fcbb255
1063,db0c7967c382db2023b10d858de03525
1064,28317e4244e4266cd79c39d5aed472ea
1065,72758e85e536e95426715e0eddfe0744
1066,e8358e6027217e9887fa381b7567a3d9
1067,025d5541b14f204a0bc307841e9db6c7
1068,97d585a00ef2bca58d0ddc9005c2917b
1069,f61e759c733900c85513ae2d976f12b6
1070,ea192fd3cf93bbc4da967d7c76f25f0a
1071,3355eb6b22abfad076dee38731caa308
1072,6699419e526c1234aa5bece7fe64f30b
1073,eacba9aacca8f3330c2583049eedcc21
1074,c579c6a27146120323892a56b095f28c
1075,5255336662b5d1121b5845514e87db5e
1076,3cb6f0383403f6700d91d8e0f6e84981
1077,50272ec4a03873f6f8f9e0c82a83fa69
1078,556d7f17755e1763373309827f9aef6e
1079,a2912bd9f760f2a678250d65346e39bb
1080,b743ea9e0d099c1fe78cbeca98863717
1081,505f635097485a41b9a558f302f72c24
1082,9e6e1dcdfa911f6fcb3e14c1729b798c
1083,3d8e4333f2c0240bc021b88856f4ca13
1084,b3f5e412e14d0735a4a3accef824a55e
1085,99c20fcf627268f19670722ee4daddde
1086,3879b0dae3458cd0bb28e6cd99ef78ed
1087,ccb59dc8e0db91629ef76f92c5a2d31e
1088,fe1eb0fa0313611e4611778891a74f14
1089,1ffb02a6eb01289ca867da1ab86a604e
1090,589816b20f7b10dfbcd2c7debd33496c
1091,c0dc4ff7a814ecc6ce1aa23dad5173d9
1092,3ed1562bf13edfa89ba086c32b0c6b34
1093,935daac15aeb8aa8312000873893a22b
1094,a0331a77f381ac6f3af074902772a566
1095,fc5ed221eceb8c2f830bc8808ad7aadd
1096,c8c9b59985e131be8514d5b67220a3f4
1097,69dc0e6a2937df511fc6d5193672b22a
1098,0ee9fa623e2b9f8de4100aa841c97d7d
1099,357ce14f0544b2a57ab4d924937744ee
1100,4dc399ef80b3d4c3a33c1fd6ea7d9e09
1101,2108febf0b8ed6571ccb2f5089c792a3
1102,5a8a88a4b3f48ecfca2cc77db7a8ef60
1103,f89f18b5ccd6f391f7db443375ebc979
1104,a5bb95891b996c1775237bd5a714238c
1105,4c449063a989cb467e842598f3efa643
1106,a30d81f26cb150ca7fd931bf2173b79c
1107,fd7e5fb60d1129ee92a1544d015d7728
1108,e81578195df70661edea8494f310b807
1109,1b97aa65c93e382f0310a4994dd1d86c
1110,37ae7994f93ceca3c006c048004f7e8d
1111,564b8708b1b20b19adf29339dd7a71d2
1112,a520f25486b57c25504608fa23a809c2
1113,4bdcf522583acd2b427c51ce30db46e7
1114,756192a8500fdaf65a4a4a256a60a9db
1115,ef33ebc6cafed23582c4cec6d48a6d19
1116,76d7697676dea400e04e1561d2b82913
1117,03cace4fcbc3bdd23b329e2dbfbb351f
1118,0b57d39e8e7f7116fb4ad91ebadb8b9a
1119,f3f70886b370059da1275cc9171eadc0
1120,a9edf3139cb1bc0c38e8e410eec1591b
1121,68f89d050469d6429b12bbefc8fd1782
1122,5a629c86087c2abdb6d10a73ac9b6e71
1123,023a5f650aaf77c83c5b44b3b15e4ca3
1124,06c611a2931d91eb44e765610b15e17d
1125,e18d95fc32c6723e9eccd01b16c15245
1126,94c29c42334b5ff932fafdd9d30b6fc7
1127,7acc5383bc29818ee2d7475b9b25fb3e
1128,e565e1c896e78bb24357bdcd942aa297
1129,2cabcfb5ffca7f85a97e980aa11485be
1130,0ca5354ca31757d959355df47d88262a
1131,1846b6b7694b0e3a646a3ae69ad60ed7
1132,3afe5bc057c1e8f92e16278d4a1bf4a4
1133,b4b5745981dc258b89a48109b2fa1869
1134,9f1239fd167f08470249ed2e888d04f7
1135,756192a8500fdaf65a4a4a256a60a9db
1136,7f9fdf53c1fb78be8f2d90ca83fef667
1137,9569cd419815522d6cc9ce88de42b270
1138,68bdff7e522aa2cbc39a8291cc0375e4
1139,dd441f1579d8750da6b75eb939d3cfc0
1140,caac016107410e42326b6de903619013
1141,8b36a3e7331eaa8c5ceff358670efbae
1142,329143d623b807d0fdd9d059e6583504
1143,7b06feecfaab9232b8e53b3a98afdd77
1144,cbb8038c85ea839d5456b4063d0c8083
1145,343e91cd2295cf4500a9143b0e2651fb
1146,477bc5bdf4c3f5c97ab36b3cde2cc84b
1147,0696f948cdf97507376d23a83171c3b1
1148,047c557b0984a51c52fa01ce89bae5cf
1149,ce6b94ae60ef3ff13beb232a99a32b1c
1150,1bce1005eff9dd8815b04b0df5daad22
1151,2f2e0e8f70d1bdaafa786bfa7bd380b4
1152,32d22795da8fb005850e5e58e82aa856
1153,5f1b96ccb779397df1ff2aad76a38772
1154,3947cb052cc15d380cf2a85ad6673c39
1155,0897149f73838140dc6013942a91af56
1156,b75deff731edc0df56e0c40d2839993f
1157,a6988a5bf4a7e973722640e61bfc8d41
1158,96fd338d68301df8c21c77d9cd768c70
1159,bea6111d4f494e8170307240d28266d1
1160,1133510d41335f550cb81fd29f7e1342
1161,c07bc39a19c5c7f005d67e3e19b216ac
1162,d444ab49c87a746cacb66fc7e162cc66
1163,974cb60334f8a8e349cd2af3950c0b3d
1164,c324191ebfc2e4bc61094fc1ca78fb9b
1165,a66bb6537bcf971920b9b08365e21030
1166,74f4aa4ae261923136ae3087c799175e
1167,ed5390d57691f41dbea1eadbd97b337d
1168,fa7df2683801b40747d0afbddf209901
1169,1854df04aca4fcc2183c21f43ddf7ed7
1170,ec1f5ad4fbf16f83c61aa79d2cfa09b5
1171,a3ad6f3fe8da27df1fe4f5bca1c3a0ce
1172,a3a9efd9299bbb4349905b744f58f624
1173,29028ac3061a4e68bf727cb4cfdae679
1174,abb763c155a41b917a8be7c8d0d04f0d
1175,370a7b58ec63a9e1253f9d9f987c00f9
1176,12f4190d51b13e903d29048a00582752
1177,ed5390d57691f41dbea1eadbd97b337d
1178,206edd0578f58c9e221392a6bea015d1
1179,71121edf94c8b936d282eaae9af52148
1180,558fc9e2f89365878ff94d6235ee69e6
1181,eb38345b1f21f7c13ae18e59e0d5ff9a
1182,f306f4544df90635626a22e06a2d6116
1183,f65f5b525c8035b87b0f2c0c8cf87488
1184,b5664709c55768701a7759a1ed7e71e3
1185,203119543bffb8815512f04233ef4cd3
1186,3a5c283433116fac77f06bb656c4b687
1187,e46d22faf2205d99c7192191c6aa5078
1188,48a1d5e70b1080d94bc4e464c287f5bb
1189,b03fa3174d37524cee22b30f49a92e76
1190,ead7d4ebb3685eb8468ebef68d908785
1191,95203a8c97716c8eb45894d9b0f5d38c
1192,d7ed27e3868c8433c94fdd1ced699a50
1193,119cc8383c8cdccc0c440c8d40ed1ac1
1194,23c931425362cd297c2b880da53ae6ef
1195,862ebfd834296fb8edc12ac6def265cf
1196,f5ca6aefc67750eb32b24ee42b52291e
1197,06c813967561dfb095b9f0b6dcf7a339
1198,e366f348480181be6b9fdeec3d004ff8
1199,fa5a7e683e885a0cc09179002b6694e7
1200,04b189166ffe0e3c8ae78940c7100fe5
1201,712d891bac7446372d0e1c2cded58450
1202,9d0aa6b3c9f95619c1d91228edafe3ae
1203,05e4f65fa58ceeec78b7cb739327a0f7
1204,83eea8e05778bc01c176c62d352c8032
1205,0d8dcab777c3ef395414f4a60bb0bbfa
1206,9255e73f4ad705d746586523b97cbc77
1207,b7a321476f125e2144c84af0b3e03b2f
1208,381bb28bba28e7830e70dea6341c8cdd
1209,445c2c055f64f0aae9ffc895df12529d
1210,b2bd99c0415b03e874cbe21ffdbe65f9
1211,ac050827900f427fd4a8cbb9ba648b03
1212,63f8cbd9d36625f199a138daced576e1
1213,aabdd60990ed7cf28f419d94af3cf062
1214,7e41c23c4240ae285f9b9763d4778058
1215,3735ad134ec0a8ed79b936131566a379
1216,db0c30f4f9672a4c7f87e1613bde4834
1217,0c3fe1488ec06375917d1051ecd78381
1218,452ba805f22d5991c7d2368d84f4fe32
1219,b2b676f68e2ed6353069533254b1dfe6
1220,28fed594d4c1171080e4537613f33842
1221,8f63d71eae050228dc926acd66fb01d2
1222,a71ce60527d5f94f304326a4afe4647d
1223,4a4c69bac98a7c032b27a4441ccbf24f
1224,a54e826cbed296d77412c4b2bd303b69
1225,8f45c95a40ad81269f59948ebcbcf812
1226,547474484065667a33acfa7d185ecb84
1227,b9012689c15d6a2bd3d45af4c17f3202
1228,4cacec662b688b99538c3c30ee10a9cf
1229,be74ddf9f36f863a561b9fd7e742f0c5
1230,052fec40d46795ff690500ce560090a2
1231,ee1d02d2652c40c6057dfc631c0383ee
1232,1ca12be677cfd33c6df47a8e77e886a3
1233,89f61ac0b38c6a268b9642df1906012d
1234,91ed9a278301c141740919560865ceef
1235,54580ee3bd32e1f0aa4694ba2caa5fdc
1236,b6ef4fb86b1233318f71564260c0eccc
1237,57470bfa5fb688acac423d47dbbda6e3
1238,da06551186e10a04e63401f1a07419f9
1239,f1a4511d2fcb404dcde2fc50ac6b209c
1240,dc493e9e0c050b00da50dfa156af7c51
1241,038a614b1489c43a027d0c3010b52511
1242,b02babaea891a36d2ce03ac942aaa074
1243,f801b882d938b88e585577949a8e13fd
1244,e5823c1574659ebe73a43c48b6e578a9
1245,0370cac6735365117a4432821ef7d293
1246,0370cac6735365117a4432821ef7d293
1247,d7ddd1aac3c8a902ad9b086619abb247
1248,c478b5c96017f5b52b15996547017a87
1249,22dd607620b4dac24a7ba81bedb067c7
1250,75094df8178f312a4c36857417ff67d2
1251,dab02ef64b542a8135edfe9603733a5e
1252,500b670350d3721ed9f838f4c9ac7a5e
1253,844e9c521b97d582dc513e9463a6f25d
1254,ffdb57d52d27622e01e7d514f19065e5
1255,63ba77b2f8bad60a3aef2ecd0d0cef5b
1256,418ffdeebbd4468936fb77dfc8ee62ba
1257,dcce9af27a1c49ffa142a62e3a50d3ec
1258,c71a8661e1f23c5bff1f0a640e26f08a
1259,e70807ccee5ba5526333abbf2b2db6ec
1260,76d7d299428c6917a775e0d33de59638
1261,d2f9dd3339427aca81ccc45d94fdbcc8
1262,7e5e5997904e24ad4885a419bb5e7703
1263,e973f1d65b57f473ca0da353aa87df3c
1264,172c4a1f7425c5f827ecfc05b8bbbc33
1265,855c33f929bb7b31661df05e19581268
1266,a9319cfc2852fb75a63cce933e91f55b
1267,a15fcd71a81b06349e894cab197b03d7
1268,ea72ac3f88de834708fe3fea6a172c3c
1269,3d391b876dbf9259dae6ba2a0800d093
1270,02db113467f2e1bd891f44d75df0f7e8
1271,546f88e702099493f6daa1d4ae536c5a
1272,8f328e0080f5ce57ea87ff9ff1eed72f
1273,2b20c6995cc934bb484fd9a413147fa2
1274,2db1ce5eb733e9b92f177ec58542a42b
1275,be6b207379645488da3ca3cd97ce3fb7
1276,e1b880307058009e0a6e8911fa4a4403
1277,1c07c58b8767c53e65a724ae5e885d88
1278,838cd4accd071ebea37ef8acfbba4163
1279,0ade3fb64b266bdca6a9dfa56e3fda60
1280,3c7d5ad8e20777fb74cddcc1029a9188
1281,5e0dccb9dad19de7373950edd3d25a7c
1282,16cb54aa98d7dde2391ddb9fbda86628
1283,f16ef483bf1fa84b075fca3815aa52d8
1284,3b4c40bc41fbd9171a5e7664974aaad2
1285,156f1da52a4be2eff68598ce249099d1
1286,17c025cc2befc7232a4644be7e88410e
1287,2832530a178008c430ddedaf0716e695
1288,0a1e26726bb08daddb1cfc2fb470b590
1289,75cc2a2142cc660eb443b53a5a88b4c0
1290,b624739086ec124d80a15291a4e12523
1291,5a314e107e0499eb901cbb6b208e6179
1292,77009551102d2fc0645f9196c62cceea
1293,ce35a560fc03eb6efe58fb3239d08732
1294,e4d7b2ef7c09b27ec5b21b9e4063932c
1295,6b56da5168ad812a277b3c6520c6a69e
1296,8c55c0b1cbd7897dc86abe1bd830d2f9
1297,1a2d1ba8219a0caa4d63e60569ed8b5c
1298,ab677eb25df830d1b586320047e23bc9
1299,c222914fbafe5e3f4c91d2b856e258be
1300,bb2ee56f2b14b596b4fc2f4716b103c0
1301,e5d6187073e59b3bae03da37bdb616c1
1302,fd7a8dbb5a420ec322e06db1497c1e25
1303,576114ae7fef8af3bce13fb3efaed8d1
1304,79fd91ec0f6d30d13ff558d5fa0d52d1
1305,6a9e0c75feb38b713bf03436442f180d
1306,2b8db717513ff6ba07c756f9c2ce6bd7
1307,b6a096fe4750934e425cc5e39c4722c3
1308,9b61e349f988faf5691345c3eab97755
1309,f5cef83771ee3fce59da960bd151ae1c
1310,f5cef83771ee3fce59da960bd151ae1c

