CustPass,LocatorPass
!1ppfx15ZtS,<blank>
!1tpkB3e1uJ,<blank>
!1tpkB3e1uJ,<blank>
!59kFvjo6nW,<blank>
!Astf2706zqkl!,<blank>
!eGk493pyyO,<blank>
!yX1zpc3u8B,<blank>
#1amsinc,<blank>
#6wto9y3QxQ,<blank>
#jz8d8h7nZP,<blank>
#kenco69,<blank>
#l3negU2h9Z,<blank>
#L4g5hpql7J,<blank>
#sig1u3O7yV,<blank>
#vkR31js8aX,<blank>
#vkR31js8aX,<blank>
#vkR31js8aX,<blank>
$6pq2sGd4gD,<blank>
$9jo7cD8phI,<blank>
$w6oo9Fl6eK,<blank>
%Opgj3g37tY,<blank>
&o8qlDb88nQ,<blank>
*g6WMD7Z@aAF,<blank>
0000somilar,<blank>
01010101,<blank>
032341pjg,<blank>
03333159480,<blank>
0402JB1958,<blank>
0531ltkm,<blank>
08262013biz,<blank>
0915736900,<blank>
0qwerty0,<blank>
10451dw2,<blank>
11111111,<blank>
123001001,<blank>
123321123,<blank>
123456789,<blank>
123456ABC@,<blank>
1234qwer,<blank>
1234qwer,<blank>
123qwert,<blank>
12kEui7al@E,<blank>
13251325,<blank>
13579pAula,<blank>
1923Knuth,<blank>
19840402,<blank>
1ikHoq7l1I,<blank>
1Jerrylewis1,<blank>
1l$5B6drvzB,<blank>
1l6u^f2WjzA,<blank>
1lasTi1%s4L,<blank>
1Looking,<blank>
1n4g&Kf8wlU,<blank>
1network,<blank>
1r0ng1r7,<blank>
1Yo6bodk1$I,<blank>
2020Vision,<blank>
2060mescher,<blank>
24links24,Zerbey01
2510ABCD,<blank>
255602may,<blank>
27h%vtyTp7U,<blank>
284win@GM,<blank>
28bIlkq5s&Q,<blank>
2d!o2znpT4Hf59,<blank>
2fKw64^ayrV,<blank>
2fKw64^ayrV,<blank>
2o4vlR8vn#V,<blank>
2pq^vw28zTA,<blank>
2qHy2c7we#P,<blank>
321Fixture,<blank>
33Fosx6o%jI,<blank>
33Fosx6o%jI,<blank>
34383438,<blank>
3462river,3462river
3462river,3462river
3edcxsw2,<blank>
3u9uF!p3zuG,<blank>
3vjD3cz&4pG,<blank>
3vjD3cz&4pG,<blank>
3vjD3cz&4pG,<blank>
3Ydjy25p@bK,<blank>
3Ydjy25p@bK,<blank>
4#srP4xpp5T,<blank>
4127amco,<blank>
42667hemi,<blank>
46cbW2&dxaA,<blank>
46cbW2&dxaA,<blank>
46cbW2&dxaA,<blank>
46cbW2&dxaA,<blank>
46cbW2&dxaA,<blank>
46cbW2&dxaA,<blank>
46cbW2&dxaA,<blank>
47!r4IipacV,<blank>
47!r4IipacV,<blank>
47!r4IipacV,<blank>
47!r4IipacV,<blank>
47!r4IipacV,<blank>
4h7k8aHxj&U,<blank>
4h7k8aHxj&U,<blank>
4iHx3o^q5hR,<blank>
4mprecision,<blank>
5852485757,<blank>
5945martin,<blank>
5h2Ju4covG,<blank>
5k3e3uC&dlW,<blank>
5r2db9^nQdU,<blank>
5r2db9^nQdU,<blank>
5Si8u4oo#hV,<blank>
5Vwdr&q42qK,<blank>
5Vwdr&q42qK,<blank>
5wqWuc3p8K,<blank>
6%aul91NetV,<blank>
62gwy9^nWdD,<blank>
63T7rks$brX,<blank>
64spyder,<blank>
66eY^wr2pvL,<blank>
69wk8kEeoD,<blank>
6b3eIk@4ikG,<blank>
6fd1^4cwnSA,<blank>
6ftbe42Z^eK,<blank>
6tch!cB54iW,<blank>
6tch!cB54iW,<blank>
6tch!cB54iW,<blank>
6tch!cB54W,<blank>
6tch!cB54W,<blank>
7#7avzl2oHR,<blank>
72155bob,<blank>
72corlu68,<blank>
74196stein,<blank>
75Aqr6ujj$A,<blank>
7668scott,<blank>
7777gardner,<blank>
7f!2i2AtrfU,<blank>
7ffj6h9#vYX,<blank>
7r!fS2qo2aF,<blank>
7r!fS2qo2aF,<blank>
7r!fS2qo2aF,<blank>
7r!fS2qo2aF,<blank>
7r!fS2qo2aF,<blank>
7r!fS2qo2aF,<blank>
7r!fS2qo2aF,<blank>
7r!fS2qo2aF,<blank>
7r!fS2qo2aF,<blank>
7r!fS2qo2aF,<blank>
7r!fS2qo2aF,<blank>
7w3#c7jOszK,<blank>
7xqd6nBk%9Y,<blank>
8!th4ifhP3L,<blank>
8!th4ifhP3L,<blank>
85ao4@dwUdV,<blank>
86nautique,<blank>
8c9sE2!nnzO,<blank>
8Fq9uxz4@zL,<blank>
8le$lP7ra8D,<blank>
8R2x^zu6zhE,<blank>
8rjv5&Wd6zP,<blank>
9358072311,<blank>
93qpx^Nva5I,<blank>
9478583001,<blank>
956211tsh,<blank>
9hl92pjhF!S,<blank>
9ju!Wbw18aT,<blank>
9ju!Wbw18aT,<blank>
9ju!Wbw18aT,<blank>
9o8o#5kGvaD,<blank>
9vat2818,<blank>
9y8gadsa2Ds,<blank>
9y8gadsa2Dssa,<blank>
9y8gP4&acqT,<blank>
9y8gP4&acqT,<blank>
@c3Xcjxy12G,<blank>
@g1Ehrly99Y,<blank>
@l6up3dyH9R,<blank>
@mjoel2020,<blank>
a38o#alYe5B,<blank>
a6twu3F!j2S,<blank>
a6X@5gyk3cF,<blank>
aAlYSzWFUiLt,<blank>
abcd1234,<blank>
abending,<blank>
abltech1,<blank>
abltech1,<blank>
absolute,<blank>
absolute,<blank>
accurate,<blank>
accurate1,<blank>
action1234,<blank>
actmach1,<blank>
adamsmach1,<blank>
adamsmach1,<blank>
aderft678,<blank>
adewale1234,<blank>
adjx2008,<blank>
admin123,<blank>
adriansteel,<blank>
affordable1,<blank>
agw5yG8f3jQ,<blank>
aircraft,<blank>
airport369,<blank>
alan1kedra,<blank>
alecomach,<blank>
alexis1!,<blank>
alliance,<blank>
alliedmach,<blank>
almamach1,<blank>
altman01,<blank>
aluminum,<blank>
ambaamba404,<blank>
amconshows,<blank>
amindustrial,<blank>
amindustrial,<blank>
amiron01,<blank>
ammetal1,<blank>
andreas34a,<blank>
annies12,<blank>
anyuser1,<blank>
app123@#,<blank>
ar1329ar,<blank>
arlington1,<blank>
arlington1,<blank>
armourdrive,<blank>
Arnie123,<blank>
Artem1994,<blank>
asahiyoko,<blank>
asiame5646556454,<blank>
Assembly01,<blank>
assora86,<blank>
auction1,<blank>
Auction1,<blank>
austin10,<blank>
automation,<blank>
av5plsl52FS,<blank>
AwmBWbYDu,<blank>
Azerty.369,<blank>
baba171943,<blank>
BajaRingan97,<blank>
baldman7,<blank>
banana11,<blank>
bassmach1,<blank>
bawanna1,<blank>
bAZKeOWp,<blank>
bde2P69vt#H,<blank>
bediala58,<blank>
bell2225,<blank>
bella2008,<blank>
bella2008,<blank>
belmont1,<blank>
Bending17,<blank>
bentonboy,<blank>
BEVEL513,<blank>
bh8hL&3ge1Q,<blank>
bh8hL&3ge1Q,<blank>
bh8hL&3ge1Q,<blank>
bh8hL&3ge1Q,<blank>
bh8hL&3ge1Q,<blank>
bh8hL&3ge1Q,<blank>
bh8hL&3ge1Q,<blank>
bh8hL&3ge1Q,<blank>
bh8hL&3ge1Q,<blank>
bh8hL&3ge1Q,<blank>
bh8hL&3ge1Q,<blank>
biddle50,<blank>
big10inch,<blank>
big1time,<blank>
bighippo69,<blank>
bill2455,<blank>
biltong1,<blank>
bisensee,<blank>
bkennedy,<blank>
blackfin1,<blank>
BlackGuard,<blank>
blackhawk,<blank>
blackman01,<blank>
blackox1,<blank>
blades01,<blank>
block01,<blank>
blower123,<blank>
blumberg,<blank>
bobbyenter,<blank>
bobcadcam1,<blank>
Bolthouse,<blank>
bolthouse,<blank>
Bolthouse,<blank>
bonus777S,<blank>
bonus777S,<blank>
bonus777S,<blank>
BOOPI1$%,<blank>
bordian1,<blank>
boston1999,<blank>
brettj20,<blank>
briley1234,<blank>
broach01,<blank>
brssg385!FI,<blank>
bulja@bulja1,<blank>
by@o54C3bsE,<blank>
c#e9R36qckX,<blank>
c$1Dg4pdp7T,<blank>
C12h24o8,<blank>
c521k755,<blank>
c9npnJ56&zW,<blank>
camarena,<blank>
canammach,<blank>
Candy1996,<blank>
capital1,<blank>
carley11,<blank>
carolyn1,<blank>
Carson10903,<blank>
cascar33,<blank>
cat1dog2,<blank>
cD4^3df7bwR,<blank>
cD4^3df7bwR,<blank>
cD4^3df7bwR,<blank>
cD4^3df7bwR,<blank>
cD4^3df7bwR,<blank>
Cd7z&fw6v7W,<blank>
cebolo99,<blank>
cellcon1,<blank>
Celosoda2012,<blank>
century1,<blank>
cfXNuqEPwJCLzKWg,<blank>
cfy5!1kG3rB,<blank>
cfy5!1kG3rB,<blank>
cfy5!1kG3rB,<blank>
cfy5!1kG3rB,<blank>
cfy5!1kG3rB,<blank>
cgc00001,<blank>
champion,<blank>
champion,<blank>
chicago1,<blank>
chinachen,<blank>
chlweekly,<blank>
Chocolate3,<blank>
chrisgo1,<blank>
christine,<blank>
chumley1,<blank>
cintacsandro,<blank>
ck26bdJ4u%J,<blank>
ck26bdJ4u%J,<blank>
ck26bdJ4u%J,<blank>
ck26bdJ4u%J,<blank>
clarkmach1,<blank>
cleveland,<blank>
cncmill13,<blank>
coachbrett,<blank>
coco1234,<blank>
Coltr@ne1,<blank>
Columbus1,<blank>
compaq6720,<blank>
compass1,<blank>
connordean,<blank>
contor2014,<blank>
cooktool,<blank>
cql198398,<blank>
crazy6911,<blank>
ctdmach1,<blank>
ctenginc,<blank>
Cttngmch1nes,<blank>
curtis001,<blank>
cwecwe805,<blank>
d6!2tc5HooA,<blank>
d6pt#I35xnN,<blank>
D7894527,<blank>
daefde22,<blank>
danmitry,<blank>
darcysaw1,<blank>
dbi4b^8A6tS,<blank>
dbs12345,<blank>
dealmaker1,<blank>
dearest001,<blank>
deathstar,<blank>
Debskf@1,<blank>
dedoesim,<blank>
denvermach,<blank>
destiny1,<blank>
dhbill8557,<blank>
dimez662,<blank>
directcap1,<blank>
dirtybugger,<blank>
discodon,<blank>
dka23974,<blank>
dmetty123,<blank>
dmjl2400,<blank>
dng848484,<blank>
dnhmachinery,<blank>
Donovan,<blank>
donovan2010,<blank>
douglas01,<blank>
Dowd,<blank>
Download@123,<blank>
Dps8w1y&p7L,<blank>
Dragonja3,<blank>
Drakepower1,<blank>
Dream2019!,<blank>
dulrich90-=S,Zerbey01
e$1lkxYf13U,<blank>
e&jLt1a1l6B,<blank>
E55GsmAbq@mi,<blank>
e9ze4d7K#iW,<blank>
ebY1c!6x8tW,<blank>
ecolalift1,<blank>
edsalmach1,<blank>
eewO6!ye31G,<blank>
EmIjGyzUCY,<blank>
emteccnc,<blank>
emtex123,<blank>
equiptrade1,<blank>
EyeL3t123#,<blank>
f!W4b1x3buW,<blank>
f!W4b1x3buW,<blank>
f!W4b1x3buW,<blank>
f!W4b1x3buW,<blank>
f!W4b1x3buW,<blank>
f$2s34qDhtN,<blank>
f3dbb15&gFS,<blank>
f935s&dXkrL,<blank>
f935s&dXkrL,<blank>
fa7Cyk^b51X,<blank>
fabequip1,<blank>
fabricate1,<blank>
fabricate1,<blank>
fadalparts1,<blank>
FastCow123RR,<blank>
fastcow123tt,<blank>
FastCow123TT,<blank>
fastcow123tt,<blank>
fastfast,<blank>
fastfast,<blank>
fastfast,<blank>
fastfast,<blank>
fastfast,<blank>
fastfast,<blank>
fastfast,<blank>
fastfast,<blank>
fCLMvNEsRcA,<blank>
federal1,<blank>
federal1,<blank>
ffproducts,<blank>
fgsltw316,<blank>
fh37us%2bUE,<blank>
fireball,<blank>
firefly2195,<blank>
Fishing1,<blank>
fixitnow,<blank>
flip1420,<blank>
fLkdZHSqvmpbj,<blank>
flsales1,<blank>
FMLHtciG,<blank>
footville,<blank>
forester,<blank>
fourway1,<blank>
FP%dy3thy8T,<blank>
fpmiller1,<blank>
franchino,<blank>
franzen1,<blank>
furnace1,<blank>
furnace1,<blank>
fvGcquzjgyXr,<blank>
Fyre8all442!,<blank>
g!95q2sjlTG,<blank>
g%3tk6Jqd2E,<blank>
g%3tk6Jqd2E,<blank>
g00dPa$$w0rD,<blank>
g00dPa$$w0rD,<blank>
g00dPa$$w0rD,<blank>
g00dPa$$w0rD,<blank>
g00dPa$$w0rD,<blank>
g00dPa$$w0rD,<blank>
g00dPa$$w0rD,<blank>
g00dPa$$w0rD,<blank>
g00dPa$$w0rD,<blank>
g00dPa$$w0rD,<blank>
g00dPa$$w0rD,<blank>
g00dPa$$w0rD,<blank>
g00dPa$$w0rD,<blank>
g00dPa$$w0rD,<blank>
g00dPa$$w0rD,<blank>
g00dPa$$w0rD,<blank>
g00dPa$$w0rD,<blank>
g00dPa$$w0rD,<blank>
g00dPa$$w0rD,<blank>
g00dPa$$w0rD,<blank>
g00dPa$$w0rD,<blank>
g00dPa$$w0rD,<blank>
g00dPa$$w0rD,<blank>
g00dPa$$w0rD,<blank>
g00dPa$$w0rD,<blank>
g00dPa$$w0rD,<blank>
g00dPa$$w0rD,<blank>
g00dPa$$w0rD,<blank>
g00dPa$$w0rD,<blank>
g00dPa$$w0rD,<blank>
g00dPa$$w0rD,<blank>
g00dPa$$w0rD,<blank>
g00dPa$$w0rD,<blank>
g00dPa$$w0rD,<blank>
g00dPa$$w0rD,<blank>
g00dPa$$w0rD,<blank>
g00dPa$$w0rD,<blank>
g00dPa$$w0rD,<blank>
g00dPa$$w0rD,<blank>
g00dPa$$w0rD,<blank>
g00dPa$$w0rD,<blank>
g00dPa$$w0rD,<blank>
g00dPa$$w0rD,<blank>
g00dPa$$w0rD,<blank>
g00dPa$$w0rD,<blank>
g00dPa$$w0rD,<blank>
g00dPa$$w0rD,<blank>
g00dPa$$w0rD,<blank>
g00dPa$$w0rD,<blank>
g00dPa$$w0rD,<blank>
g00dPa$$w0rD,<blank>
g00dPa$$w0rD,<blank>
g00dPa$$w0rD,<blank>
g00dPa$$w0rD,<blank>
g00dPa$$w0rD,<blank>
g00dPa$$w0rD,<blank>
g00dPa$$w0rD,<blank>
g00dPa$$w0rD,<blank>
g00dPa$$w0rD,<blank>
g00dPa$$w0rD,<blank>
g00dPa$$w0rD,<blank>
g00dPa$$w0rD,<blank>
g00dPa$$w0rD,<blank>
g00dPa$$w0rD,<blank>
g00dPa$$w0rD,<blank>
g00dPa$$w0rD,<blank>
g00dPa$$w0rD,<blank>
g00dPa$$w0rD,<blank>
g00dPa$$w0rD,<blank>
g00dPa$$w0rD,<blank>
g00dPa$$w0rD,<blank>
g00dPa$$w0rD,<blank>
g00dPa$$w0rD,<blank>
g00dPa$$w0rD,<blank>
g00dPa$$w0rD,<blank>
g00dPa$$w0rD,<blank>
g00dPa$$w0rD,<blank>
g00dPa$$w0rD,<blank>
g00dPa$$w0rD,<blank>
g00dPa$$w0rD,<blank>
g00dPa$$w0rD,<blank>
g00dPa$$w0rD,<blank>
g00dPa$$w0rD,<blank>
g00dPa$$w0rD,<blank>
g00dPa$$w0rD,<blank>
g00dPa$$w0rD,<blank>
g00dPa$$w0rD,<blank>
g00dPa$$w0rD,<blank>
g00dPa$$w0rD,<blank>
g00dPa$$w0rD,<blank>
g00dPa$$w0rD,<blank>
g00dPa$$w0rD,<blank>
g00dPa$$w0rD,<blank>
g00dPa$$w0rD,<blank>
g00dPa$$w0rD,<blank>
g00dPa$$w0rD,<blank>
g00dPa$$w0rD,<blank>
g00dPa$$w0rD,<blank>
g00dPa$$w0rD,<blank>
g00dPa$$w0rD,<blank>
g00dPa$$w0rD,<blank>
g00dPa$$w0rD,<blank>
g00dPa$$w0rD,<blank>
g00dPa$$w0rD,<blank>
g00dPa$$w0rD,<blank>
g00dPa$$w0rD,<blank>
g00dPa$$w0rD,<blank>
g00dPa$$w0rD,<blank>
g00dPa$$w0rD,<blank>
g00dPa$$w0rD,<blank>
g00dPa$$w0rD,<blank>
g00dPa$$w0rD,<blank>
g00dPa$$w0rD,<blank>
g00dPa$$w0rD,<blank>
g00dPa$$w0rD,<blank>
g00dPa$$w0rD,<blank>
g00dPa$$w0rD,<blank>
g00dPa$$w0rD,<blank>
g00dPa$$w0rD,<blank>
g00dPa$$w0rD,<blank>
g00dPa$$w0rD,<blank>
g00dPa$$w0rD,<blank>
g00dPa$$w0rD,<blank>
g00dPa$$w0rD,<blank>
g00dPa$$w0rD,<blank>
g00dPa$$w0rD,<blank>
g00dPa$$w0rD,<blank>
g00dPa$$w0rD,<blank>
g00dPa$$w0rD,<blank>
g00dPa$$w0rD,<blank>
g00dPa$$w0rD,<blank>
g00dPa$$w0rD,<blank>
g00dPa$$w0rD,<blank>
g00dPa$$w0rD,<blank>
g00dPa$$w0rD,<blank>
g00dPa$$w0rD,<blank>
g00dPa$$w0rD,<blank>
g00dPa$$w0rD,<blank>
g00dPa$$w0rD,<blank>
g00dPa$$w0rD,<blank>
g00dPa$$w0rD,<blank>
g00dPa$$w0rD,<blank>
g00dPa$$w0rD,<blank>
g00dPa$$w0rD,<blank>
g00dPa$$w0rD,<blank>
g00dPa$$w0rD,<blank>
g00dPa$$w0rD,<blank>
g00dPa$$w0rD,<blank>
g00dPa$$w0rD,<blank>
g00dPa$$w0rD,<blank>
g00dPa$$w0rD,<blank>
g00dPa$$w0rD,<blank>
g00dPa$$w0rD,<blank>
g00dPa$$w0rD,<blank>
g00dPa$$w0rD,<blank>
g00dPa$$w0rD,<blank>
g00dPa$$w0rD,<blank>
g00dPa$$w0rD,<blank>
g00dPa$$w0rD,<blank>
g00dPa$$w0rD,<blank>
g00dPa$$w0rD,<blank>
g00dPa$$w0rD,<blank>
g00dPa$$w0rD,<blank>
g00dPa$$w0rD,<blank>
g00dPa$$w0rD,<blank>
g00dPa$$w0rD,<blank>
g00dPa$$w0rD,<blank>
g00dPa$$w0rD,<blank>
g00dPa$$w0rD,<blank>
g00dPa$$w0rD,<blank>
g00dPa$$w0rD,<blank>
g00dPa$$w0rD,<blank>
g00dPa$$w0rD,<blank>
g00dPa$$w0rD,<blank>
g00dPa$$w0rD,<blank>
g00dPa$$w0rD,<blank>
g00dPa$$w0rD,<blank>
g00dPa$$w0rD,<blank>
g00dPa$$w0rD,<blank>
g00dPa$$w0rD,<blank>
g00dPa$$w0rD,<blank>
g00dPa$$w0rD,<blank>
g00dPa$$w0rD,<blank>
g00dPa$$w0rD,<blank>
g00dPa$$w0rD,<blank>
g00dPa$$w0rD,<blank>
g00dPa$$w0rD,<blank>
g00dPa$$w0rD,<blank>
g00dPa$$w0rD,<blank>
g00dPa$$w0rD,<blank>
g00dPa$$w0rD,<blank>
G1h!1Dz7ypO,<blank>
g2000inc,<blank>
g32aQe&9diP,<blank>
g9166711,<blank>
Gajcevicdeda,<blank>
galaxie1,<blank>
games206,<blank>
gar08GOTs05,<blank>
garyhohl,<blank>
garymach1,<blank>
gatorgrit,<blank>
Gauge123#,<blank>
Gauge123#,<blank>
Gaydar96,<blank>
gchmach1,<blank>
gd65$jx2JfG,<blank>
gdjm4270,<blank>
george01,<blank>
gflesher1,<blank>
gibbs001,<blank>
gie*media,<blank>
gie*media,<blank>
gie*media,<blank>
gie*media,<blank>
Ginger0116,<blank>
gjsteel406,<blank>
Gkn12345,<blank>
gladwin1,<blank>
globalmach1,<blank>
gm701818,<blank>
gmrobots,<blank>
go@1116Mish,<blank>
Goada18!,<blank>
gocubs11,<blank>
goeksu01,<blank>
goldybedi,<blank>
gotm1234,<blank>
GotMach123,<blank>
GotMach123,<blank>
gotmachinery,<blank>
gotmachy7368,<blank>
graincarts99,<blank>
greenway,<blank>
greermach1,<blank>
gregmusser,<blank>
gretch007,<blank>
gsU#7uw54lB,<blank>
gWvc34as6%L,<blank>
h54rsjrF578909,<blank>
h54rsjrF578909,<blank>
h54rsjrF578909,<blank>
h54rsjrF578909,<blank>
h54rsjrF578909,<blank>
h54rsjrF578909,<blank>
h54rsjrF578909,<blank>
h54rsjrF5J,<blank>
h54rsjrF5J,<blank>
h54rsjrF5J,<blank>
h54rsjrF5J123,<blank>
h54rsjrF5J123,<blank>
h54rsjrF5J123,<blank>
h54rsjrF5J123,<blank>
h54rsjrF5J123,<blank>
h54rsjrF5J123,<blank>
h54rsjrF5J123,<blank>
h54rsjrF5J123,<blank>
h54rsjrF5J46788998,<blank>
h54rsjrF5J46788998,<blank>
h54rsjrF5J46788998,<blank>
h54rsjrF5J46788998,<blank>
h54rsjrF5J46788998,<blank>
h54rsjrF5J46788998,<blank>
h54rsjrF5J46788998,<blank>
h54rsjrF5J46788998,<blank>
h54rsjrF5J46788998,<blank>
h54rsjrF5J46788998,<blank>
h54rsjrF5J46788998,<blank>
h54rsjrF5J46788998,<blank>
h54rsjrF5J46788998,<blank>
h54rsjrF5J46788998,<blank>
h54rsjrF5J46788998,<blank>
h54rsjrF5J46788998,<blank>
h54rsjrF5J46788998,<blank>
h54rsjrF5J5774568901,<blank>
h54rsjrF5J5774568901,<blank>
h54rsjrF5J5774568901,<blank>
h54rsjrF5J5774568901,<blank>
haiti2011,<blank>
harbor1207,<blank>
hardymach,<blank>
hargrove1,<blank>
hcz!gv3O36Y,<blank>
heady2278,<blank>
heartland1,<blank>
heartland1,<blank>
Hello123,<blank>
herblove,<blank>
hLa8iw69#xY,<blank>
hockey12,<blank>
holemgroup,<blank>
holland1,<blank>
holmes01,<blank>
hop77497,<blank>
hotrod01,<blank>
Hplc12345,<blank>
hr@t262HyyL,<blank>
hr@t262HyyL,<blank>
HtqkYfPzVrFKBX,<blank>
http://google.com/235 CTY,<blank>
Hv%5jx2c6gI,<blank>
Hv%5jx2c6gI,<blank>
Hv%5jx2c6gI,<blank>
HVlcvImyrLER,<blank>
HX170302,<blank>
i$Jua31ad4N,<blank>
i4Jx3hgw!5I,<blank>
i4Jx3hgw!5I1234,<blank>
i7&9Ylo4uwV,<blank>
i9Jx2Hz0Kx,<blank>
I9k7hnv5sR,<blank>
iconind01,<blank>
idealmach,<blank>
ihr603hd,<blank>
ikeroell,<blank>
imdigest,<blank>
imdSource360,<blank>
imdSource360,<blank>
imdSource360,<blank>
IMPORTEXPORT,<blank>
indmp001,<blank>
industrial,<blank>
indytube01,<blank>
ingalls1,<blank>
INsZTBwCvnEKAQUX,<blank>
intercon,<blank>
interplant,<blank>
ipfonline,<blank>
irj2Y8s#3jB,<blank>
Isabel93,<blank>
ismolindberg,<blank>
itambpy1,<blank>
itunuparish,<blank>
Iza9&kgg14Y,<blank>
j%j731nyZsY,<blank>
j%j731nyZsY,<blank>
J7894527,<blank>
JAdkhBeKbxg,<blank>
jaigirnari,<blank>
jake1991,<blank>
JaLVNBHoRFYSQI,<blank>
james12345,<blank>
james521,<blank>
jaswant1,<blank>
jatas789,<blank>
jatasmach1,<blank>
jcmachinery,<blank>
JdSh1960,<blank>
jeank277,<blank>
jewett12,<blank>
jftyhgk76f6yuhjkjydftjghm,<blank>
jG1w6%sig6V,<blank>
jghDje5h5gY,<blank>
jimgraff,<blank>
jmcmach1,<blank>
jmindustrial,<blank>
Jonesmetal@1,<blank>
jordykins,<blank>
jorgenson,<blank>
jouanel37,<blank>
JRS24680,<blank>
JRS24680,<blank>
jun9326504,<blank>
june1299,<blank>
jx7q4%7IzkB,<blank>
jys5Ivd99$Z,<blank>
jz1Gv!86kuGfdgdfgdfg,<blank>
jz1Gv!86kuGfdgdfgdfg,<blank>
jz1Gv!86kuGfdgdfgdfg,<blank>
k2^ff5Nrl2P,<blank>
Ka/209037,<blank>
kaste5700,<blank>
kdcapital,<blank>
khalsa2010,<blank>
khv169LTD,<blank>
King@123,<blank>
Kiska1@a,<blank>
kitten89,<blank>
kj67ukutyhg54tudjh76u5jir,<blank>
Koss1234!!!,<blank>
kottlerohio,<blank>
kressbuyer27,<blank>
kt18aqtw,<blank>
ktm3855CLE,<blank>
kuku7747,<blank>
l3per&39UkI,<blank>
l6Ifk8#ok8C,<blank>
lagoon620,<blank>
lakeshore,<blank>
Ld56ddI9q#B,<blank>
LdpQn3ufl2F,<blank>
leestevens1,<blank>
lfgAf89DgyaB,<blank>
Liberty01,<blank>
liberty02,<blank>
lk5dd34F^gU,<blank>
loganstamp,<blank>
lola1234,<blank>
LOLITA79,<blank>
loomis01,<blank>
lorenzo1,<blank>
lostcreek1,<blank>
loverde1,<blank>
lrenvir1,<blank>
lUBeHbWoAmRKxQ,<blank>
Luq854hNegG,<blank>
lYzyQFoXmtRIx,<blank>
m102011sun,<blank>
m1611222,<blank>
M7894527,<blank>
mAchdAily13,<blank>
machexch,<blank>
machine1,<blank>
machine69,<blank>
machinedes,<blank>
machinery,<blank>
machinery,<blank>
machinery,<blank>
machinery08,<blank>
machinery1,<blank>
machinery1,<blank>
machinery1,<blank>
machinery1,<blank>
machinery1,<blank>
machinery123,<blank>
machinery2,<blank>
machines1,<blank>
Machinetool,<blank>
machnet1,<blank>
machnet1,<blank>
machnet1,<blank>
machsolution,<blank>
machsys1,<blank>
machyintl,<blank>
madison1,<blank>
magtool01,<blank>
maintenance,<blank>
makan@123,<blank>
Makino1234,<blank>
malinda1,<blank>
mama8283,<blank>
maqdonosti,<blank>
Marcom2011,<blank>
Marcom2011,<blank>
marcyminn,<blank>
mark9148,<blank>
marshall,<blank>
martin01,<blank>
marvel01,<blank>
marvel81,<blank>
mastermach,<blank>
maxcohen,<blank>
mckeanmach,<blank>
mdu86358635,<blank>
meadow01,<blank>
meganj10,<blank>
Melfas543,<blank>
mennonite,<blank>
metpromach,<blank>
metropolis,<blank>
mezcofab1,<blank>
minster1,<blank>
mkistner8113,<blank>
mmiauction,<blank>
mohit95796,<blank>
mooretool,<blank>
morgan01,<blank>
morgan01,<blank>
morgan01,<blank>
motors6666,<blank>
moulton50,<blank>
MPEfsShZzx,<blank>
mr087740,<blank>
msdesign,<blank>
MsWTwYpCdz,<blank>
mtburner,<blank>
Muffler815,<blank>
multicraft1,<blank>
mURALI3099,<blank>
murphy24,<blank>
musket222,<blank>
my1way2sell,<blank>
n&6b9sDg3gK,<blank>
n8ejV2xf#2W,<blank>
naKHYzcErgVAPu,<blank>
national,<blank>
nationwide,<blank>
ncservice14,<blank>
nevadox201,<blank>
nevins01,<blank>
nhIlpMdjobCVyiU,<blank>
nigeria1234,<blank>
nkp1234567,<blank>
nmacdonald,<blank>
nollmach1,<blank>
npN1vkuqvhgqsA4,<blank>
nppi378t$FE,<blank>
nr5a5a5a,<blank>
nsmachine,<blank>
nx7rb4&8vVQ,<blank>
nx7rb4&8vVQ,<blank>
nx7rb4&8vVQ,<blank>
o16#dpe9ySH,<blank>
O8nvl4x1i!V,<blank>
Office01,<blank>
ohz#21qj3AH,<blank>
olive123,<blank>
oneilmach1,<blank>
online77,<blank>
Online77,<blank>
orcamach,<blank>
orlandi001,<blank>
OSCAR2008,<blank>
OTTOBUSHINGS,<blank>
ottomatic,<blank>
oup3Xt&3i1R,<blank>
ovens123,<blank>
OWchEQtgCrZR,<blank>
oYc6v6&e,<blank>
p4lvy8Xv#2I,<blank>
p4lvy8Xv#2I,<blank>
p4lvy8Xv#2I,<blank>
p4lvy8Xv#2I,<blank>
p4lvy8Xv#2I,<blank>
pacific123,<blank>
pacifica7,<blank>
pacifica7,<blank>
pacifica7,<blank>
pacifica7,<blank>
pacifica7,<blank>
pacifica7,<blank>
pacifica7,<blank>
pacifica7,<blank>
pacifica7,<blank>
pacifica7,<blank>
pacifica7,<blank>
pacifica7,<blank>
pacifica7,<blank>
pacifica7,<blank>
pacifica7,<blank>
pacifica7,<blank>
pacifica7,<blank>
pacifica7,<blank>
pacifica7,<blank>
pacifica7,<blank>
pacifica7,<blank>
pacifica7,<blank>
pacifica7,<blank>
pacifica7,<blank>
pacifica7,<blank>
pacifica7,<blank>
pacifica7,<blank>
pacifica7,<blank>
pacifica7,<blank>
pacifica7,<blank>
pacifica7,<blank>
pacifica7,<blank>
pacifica7,<blank>
pacifica7,<blank>
pacifica7,<blank>
pacifica7,<blank>
pacifica7,<blank>
pacifica7,<blank>
pacifica7,<blank>
packnow1,<blank>
panchovia,<blank>
passion1,<blank>
password,<blank>
password,<blank>
Patriots15!,<blank>
pe@19siyL7Q,<blank>
pearl001,<blank>
penhair550,<blank>
performance,<blank>
perryvidex,<blank>
piper3232,<blank>
Plant321,<blank>
Plasma6k!,<blank>
plasticman28,<blank>
platinum1,<blank>
pmsgot01,<blank>
poison327,<blank>
poliquin,<blank>
prabha01,<blank>
PRE32149,<blank>
precisecnc,<blank>
Precision,<blank>
precmchy,<blank>
Preload1,<blank>
premier1,<blank>
pridemach,<blank>
pridemach1,<blank>
pridemach1,<blank>
primemach,<blank>
proline1,<blank>
pT^ci565giR,<blank>
pun333ky,<blank>
pushman1,<blank>
pvr031206,<blank>
pyramid11,<blank>
pzimmer1101,<blank>
q12345678,<blank>
q282@nlQwzN,<blank>
q3b61gxWl^W,<blank>
q5!94zsbsVH,<blank>
ql5nAoz2!2W,<blank>
qmhTZQHJRK,<blank>
qst20933,<blank>
Quality01,<blank>
quickmach,<blank>
r5xx$q1t7IL,<blank>
r5xx$q1t7IL,<blank>
r5xx$q1t7IL,<blank>
r5xx$q1t7IL,<blank>
r5xx$q1t7IL,<blank>
r5xx$q1t7IL,<blank>
r5xx$q1t7IL,<blank>
R7894527,<blank>
rabota123,<blank>
ramanradha,<blank>
ramcobramcob,<blank>
rams1011,<blank>
ratcrap69,<blank>
raye6944,<blank>
rbotham1,<blank>
rccy1234,<blank>
reanod6688,<blank>
redrunro90,<blank>
reedreed,<blank>
Reganlee1,<blank>
reliable1,<blank>
reward7230,<blank>
rfj25103e,<blank>
rh2200rh,<blank>
rickrude,<blank>
ritadog11,<blank>
rjmachine,<blank>
rjmachine1,<blank>
rodman85,<blank>
rohner01,<blank>
rollform01,<blank>
ronw8787,<blank>
rotoflo1,<blank>
roxyroo7,<blank>
Ryanrachel1,<blank>
rykersiena,<blank>
s12345677,<blank>
s12345677,<blank>
s@bz9eYw16L,<blank>
sagittario,<blank>
sales8181,<blank>
sandsmach,<blank>
santaman50,<blank>
saunders1,<blank>
sawtocut,<blank>
scottmach,<blank>
scottmach1,<blank>
scottmach1,<blank>
scout123,<blank>
scyinj1966,<blank>
secondhand1,<blank>
seismic11,<blank>
SERbACjXnZhxcMeW,<blank>
serralaser1,<blank>
seven680,<blank>
seven680,<blank>
Sfi817xd!eF,<blank>
shahid72,<blank>
sharke04,<blank>
sindftic,<blank>
sipahe6966,<blank>
skiing17,<blank>
skiing67,<blank>
smartwork123,<blank>
smfmach01,<blank>
smithmach,<blank>
smkm1255,<blank>
snowboarding,<blank>
snyder55,<blank>
Song738462,<blank>
sonofason69,<blank>
sophinc1,<blank>
sparklelies,<blank>
speedosk55,<blank>
spiralind,<blank>
spmauto1,<blank>
spok-0.01!,<blank>
sQgl35t6%uA,<blank>
sQgl35t6%uA,<blank>
sQgl35t6%uA,<blank>
sriman@gm,<blank>
srsi1974,<blank>
stainless1,<blank>
starind1,<blank>
steadycc1,<blank>
steelers36,<blank>
steelers36,<blank>
stephens1,<blank>
sterling1,sterling1
stingray,<blank>
strandind,<blank>
strehd4741,<blank>
strojevi,<blank>
stysinc1,<blank>
sukithecat,<blank>
sunbelt1,<blank>
sunmine123,<blank>
sunny9191,<blank>
sunrise123,<blank>
svh1&3yiT1C,<blank>
swansong,<blank>
swatha1986,<blank>
swiftego,<blank>
sxX9uva3#6E,<blank>
sybywdblj,<blank>
systems1,<blank>
s^7ux7kVh6V,<blank>
t1e!5gHsg4Q,<blank>
T1f3a2%dveC,<blank>
T1f3a2%dveC,<blank>
T1j7%p7tnjP,<blank>
t5143433,<blank>
t77Niy$op2P,<blank>
t@t2u7x5vVS,<blank>
tahanmach1,<blank>
taiwan7350,<blank>
tboivin9,<blank>
tdigrp700,<blank>
Tdog19902,<blank>
technicalsm,<blank>
tecnoinc,<blank>
Teddy1rosie2,<blank>
teranmach,<blank>
tessajames,<blank>
TessaJames1!,<blank>
testtest,<blank>
tex1l19t%IB,<blank>
thorn,<blank>
TIME916.,<blank>
timelliott,<blank>
tina1994,<blank>
tntind01,<blank>
tomasa25,<blank>
toneta61,<blank>
townend1,<blank>
toyota4774,<blank>
transfer1,<blank>
trdz99P@p8Y,<blank>
Treffpunkt,<blank>
Trident@1,<blank>
Truk123##,<blank>
TrukNJ8899,<blank>
TrukNJ8899,<blank>
trwiggle,<blank>
tubular1,<blank>
Turner57,<blank>
twdybrd1,<blank>
twins1007,<blank>
U!ziqe7w51V,<blank>
u56^HExt,<blank>
ua!78oa8AaE,<blank>
ua!78oa8AaE,<blank>
ua!78oa8AaE,<blank>
uefa2000,<blank>
uhxtEHlKIz,<blank>
uk2gzH9k!9F,<blank>
universal01,<blank>
universal1,<blank>
unpN1vkuqvhgqsA4,<blank>
usedmachine,<blank>
usedmachine,<blank>
usedmachine3,<blank>
Usedmachine3,<blank>
usktv4bwt7a,<blank>
utimachine1,<blank>
Utnmvfy2011,<blank>
utube123,<blank>
utubeonline,<blank>
v1gd@3c8FkJ,<blank>
v86Ts3iz!gC,<blank>
vacumpump1,<blank>
Vacuum123#,<blank>
vanguard,<blank>
vanitakhanna,<blank>
vB8&97kydnQ,<blank>
vcu5T#2g1qK,<blank>
Vd&avkQ199V,<blank>
veerajulu,<blank>
vellansagia,<blank>
vfbtlDmjJSL,<blank>
vGqHcedp,<blank>
victoria,<blank>
VISTA@5133,<blank>
VVa4d1ptGaJ,<blank>
vvb425pBjE,<blank>
vvb425pBjE,<blank>
vvb425pBjE123456,<blank>
vvb425pBjE123456,<blank>
vvb425pBjE123456,<blank>
w#z872oYrkE,<blank>
w#z872oYrkE,<blank>
w#z872oYrkE,<blank>
w#z872oYrkE,<blank>
w#z872oYrkE,<blank>
w#z872oYrkE,<blank>
w28772sw,<blank>
w2TnYwP9zFPn <html><a hre,<blank>
walker01,<blank>
walle5770,<blank>
WANtai003968,<blank>
wefwefwef,<blank>
westwood,<blank>
wheeler1,<blank>
wheeler1,<blank>
whitesox,<blank>
whkaycomp,<blank>
wigglesworth,<blank>
Wigglesworth,<blank>
WILDLIFE10,<blank>
wildwood,<blank>
william1,<blank>
wisemach,<blank>
wismetal,<blank>
wjrP&DY^bpW21,<blank>
wjrPDYbpW21,<blank>
worldequip,<blank>
worldwide1,<blank>
wsx12345,<blank>
WTQdYutUoizIP,<blank>
wuximetal1,<blank>
x10sealer,<blank>
x4ivygA51F,<blank>
x4ivygA51F,<blank>
X91huxr6oJ,<blank>
xe^l73c1DkG,<blank>
Xh9xq3ubf1P,<blank>
Xsu6d!3ke1T,<blank>
xzcz45t7%DV,<blank>
xze6v3&rT5L,<blank>
xze6v3&rT5L,<blank>
xze6v3&rT5L,<blank>
y1e2a3b4s5s6,<blank>
y7dE!l39rhI,<blank>
Yason1968,<blank>
yelrah1200,<blank>
yin44ivL#5W,<blank>
yodermach1,<blank>
yodermach1,<blank>
yodermach1,<blank>
ysOud17l2N,<blank>
yv3bcdaq,<blank>
yv3bcdaq,<blank>
yv3bcdaq,<blank>
yv3bcdaq,<blank>
yv3bcdaq,<blank>
yv3bcdaq,<blank>
yv3bcdaq,<blank>
yv3bcdaq,<blank>
yv3bcdaq,<blank>
yv3bcdaq,<blank>
yv3bcdaq,<blank>
yv3bcdaq,<blank>
yv3bcdaq,<blank>
yv3bcdaq,<blank>
yv3bcdaq,<blank>
yv3bcdaq,<blank>
yv3bcdaq,<blank>
yv3bcdaq,<blank>
yv3bcdaq,<blank>
yv3bcdaq,<blank>
yv3bcdaq,<blank>
yv3bcdaq,<blank>
yv3bcdaq,<blank>
yv3bcdaq,<blank>
yv3bcdaq,<blank>
yv3bcdaq,<blank>
yv3bcdaq,<blank>
yv3bcdaq,<blank>
yv3bcdaq,<blank>
yv3bcdaq,<blank>
yv3bcdaq,<blank>
yv3bcdaq,<blank>
yv3bcdaq,<blank>
yXcrfYzLSlPxF,<blank>
yxiQ4&28qyT,<blank>
yyllhh1025,<blank>
ZAxgHQUp,<blank>
zll19920515,<blank>
zrm11502sps,<blank>
^h83Kn1ygjE,<blank>

