password,phpass,resetPassword
0,$P$BfTa1iXAGIIYO7tluzpLmLABQwV87W1,0
0,$2a$08$avCBzkXqT8z9.RtY.xnLyuG6EEY5vvSbzrYM.0Yrk0n0fwFRg19PG,0
0,$2a$08$FOXH6HitSITAe6u5nWK89ucVKGjv/Hu8zXKI1mEcvBdT85k7GUrtG,0
0,$P$Bnz1Ojzs8DAbgj6ZXNTBWm2hGRbxGC/,0
kristygrayson,0,0
0,$2a$08$n.1K9Ir3b0q7TlJvxQxazueGz9bZi69tI.twmm/cq4uSEiAiwMrZe,1
allenholt,0,0
dougbamforth,0,0
ryancash,0,0
0,$2a$08$b4HU6roc95H/cT8F.kB5rugrcgQGTaBfdV1Y2W9GZWcL1oT.Xhhkm,0
courtlandball,$2a$08$a0TNjamBlieNxc4WycKP1O..DC/.C1M..0yMOG1zzRgmXtDXxk6Oy,1
0,$2a$08$6uyBm/hBH9uvI5Qpd3DTcOPOgKlZ8eeGeKlCYTUMEvXidoTaP1PJy,0
williamgantzer,0,0

