pass,password
iniziale,ZBBw
iniziale,8FwR
iniziale,2ZUM
iniziale,OSJX
iniziale,80Kr
iniziale,c49p
iniziale,Cz7u
iniziale,2LMu
iniziale,ks3S
iniziale,TTmL
iniziale,xUH9
iniziale,ehaq
iniziale,k3QW
iniziale,ASIB
iniziale,FyBY
iniziale,SCn1
iniziale,cY0q
iniziale,HMo1
iniziale,DDRE
iniziale,U7O2
iniziale,EuWG
iniziale,XsQh
iniziale,Rq4I
iniziale,gf2Z
iniziale,mfDf
iniziale,45s2
iniziale,r4eg
iniziale,mxMi
iniziale,mvCV
iniziale,DpVG
iniziale,mkLR
iniziale,Nk0I
iniziale,NBBs
iniziale,LdzC
iniziale,mQRN
iniziale,pU1p
iniziale,wMMB
iniziale,vBQ0
iniziale,ITQA
iniziale,CfUE
iniziale,Sx6R
iniziale,sEJG
iniziale,gOXu
iniziale,WEEw
iniziale,RSg2
iniziale,v9VZ
iniziale,SMIv
iniziale,elrM
iniziale,drV7
iniziale,1MpM
iniziale,iPHd
iniziale,SD89
iniziale,cS8A
iniziale,x3Vd
iniziale,Kkgd
iniziale,TNlH
iniziale,6b8l
iniziale,iDJX
iniziale,Etrr
iniziale,0MxF
iniziale,O8RX
iniziale,DO64
iniziale,IXLH
iniziale,DTTZ
iniziale,Y4r4
iniziale,FeUm
iniziale,swvk
iniziale,ZnhZ
iniziale,u6tZ
iniziale,36yY
iniziale,uzKG
iniziale,AKm2
iniziale,KNZk
iniziale,OHwY
iniziale,XMk6
iniziale,Ib2e
iniziale,4vrM
iniziale,bD2x
iniziale,3Now
iniziale,kv8N
iniziale,7kI7
iniziale,ct04
iniziale,PvGx
iniziale,mgWE
iniziale,V6db
iniziale,Pp57
iniziale,Xh3Q
iniziale,GoBF
iniziale,bryc
iniziale,8m1u
iniziale,vlC4
iniziale,whXl
iniziale,c3a2
iniziale,O9NU
iniziale,F9Cz
iniziale,DL1K
iniziale,XmHe
iniziale,NHyi
iniziale,CnRW
iniziale,G0u0
iniziale,OQmu
iniziale,7dJa
iniziale,wzuw
iniziale,E6pG
iniziale,5hOx
iniziale,Vsf5
iniziale,OSIS
iniziale,3Cxl
iniziale,8b6b
iniziale,Ldie
iniziale,PKCj
iniziale,PFiX
iniziale,I6v0
iniziale,yPKh
iniziale,bZCM
iniziale,6wyu
iniziale,Hlqk
iniziale,5YoR
iniziale,WIQL
iniziale,uqpr
iniziale,FfN1
iniziale,wdxy
iniziale,8giP
iniziale,y34v
iniziale,exbh
iniziale,SVxQ
iniziale,brHK
iniziale,pIwu
iniziale,jPtG
iniziale,8D05
iniziale,hxAo
iniziale,Tn7Z
iniziale,wI6a
iniziale,0y5V
iniziale,hsQP
iniziale,BcQZ
iniziale,1rko
iniziale,MW6w
iniziale,7Z5s
iniziale,lBn9
iniziale,xLw4
iniziale,S9ns
iniziale,8EJa
iniziale,FCFk
iniziale,Xd1g
iniziale,6slY
iniziale,sXfN
iniziale,5oDX
iniziale,F3ul
iniziale,jIEy
iniziale,FnY5
iniziale,Ifdm
iniziale,lD52
iniziale,irFD
iniziale,90dh
iniziale,SAF6
iniziale,kthd
iniziale,Sm1C
iniziale,XI4S
iniziale,PqGA
iniziale,gl8x
iniziale,Zz7r
iniziale,vF54
iniziale,Eoez
iniziale,2aKu
iniziale,Fw6X
iniziale,H8Ql
iniziale,5QUB
iniziale,rCpA
iniziale,61CP
iniziale,P8bc
iniziale,9SpQ
iniziale,YqIF
iniziale,dFrz
iniziale,oFgL
iniziale,9VMQ
iniziale,xgho
iniziale,Jxv5
iniziale,jlpL
iniziale,uFnP
iniziale,EimM
iniziale,bkKx
iniziale,hF8p
iniziale,OEDn
iniziale,nV0N
iniziale,5pTh
iniziale,g2xc
iniziale,pLsx
iniziale,ZJ45
iniziale,68fR
iniziale,aEAO
iniziale,sa4Q
iniziale,d2Mg
iniziale,cFFa
iniziale,fpVL
iniziale,APXa
iniziale,prwl
iniziale,7wWk
iniziale,PIyu
iniziale,FPMr
iniziale,rf3h
iniziale,KTde
iniziale,Oq6u
iniziale,7nii
iniziale,Tkjj
iniziale,99yS
iniziale,0p4g
iniziale,0dgl
iniziale,ODzz
iniziale,gkvS
iniziale,OZ7S
iniziale,W2P1
iniziale,ew7J
iniziale,Hs4O
iniziale,0lVQ
iniziale,IFNh
iniziale,kfYf
iniziale,JYPV
iniziale,lziT
iniziale,eCmj
iniziale,aQmE
iniziale,pNPt
iniziale,diY6
iniziale,CCRz
iniziale,QNJV
iniziale,oHob
iniziale,GUxp
iniziale,bPP8
iniziale,3Jfx
iniziale,8hin
iniziale,ZYTj
iniziale,scEJ
iniziale,qfnh
iniziale,idW6
iniziale,U4hI
iniziale,Iz1v
iniziale,ewYA
iniziale,l0jO
iniziale,hVbB
iniziale,ewal
iniziale,Btqb
iniziale,9cXn
iniziale,6yEl
iniziale,IBEM
iniziale,Z2ud
iniziale,qz2Q
iniziale,oPDY
iniziale,Pojv
iniziale,Qbps
iniziale,W2EF
iniziale,BOuO
iniziale,2Nnk
iniziale,cxIx
iniziale,ONGx
iniziale,QJdL
iniziale,E6VG
iniziale,dpeB
iniziale,r4J1
iniziale,2xx9
iniziale,fy3I
iniziale,glca
iniziale,vLbd
iniziale,d08c
iniziale,4TVM
iniziale,dp7z
iniziale,ffqM
iniziale,aHc4
iniziale,6Qwp
iniziale,QCoa
iniziale,tSsz
iniziale,nzPt
iniziale,U4RZ
iniziale,JhpQ
iniziale,WAwT
iniziale,5Fvy
iniziale,IOKO
iniziale,HhYo
iniziale,DEnV
iniziale,qUzE
iniziale,AM2C
iniziale,31mL
iniziale,0qVy
iniziale,V98P
iniziale,eQOh
iniziale,tFKC
iniziale,xdn8
iniziale,aTCA
iniziale,DlXL
iniziale,zgS7
iniziale,fo5B
iniziale,xFRi
iniziale,Utxi
iniziale,MjgL
iniziale,Cmw0
iniziale,pa6m
iniziale,klvC
iniziale,fXcr
iniziale,9gmQ
quest,73oL
quest,AGjz
quest,lRwK
quest,f2Ci
quest,yLtl
quest,I7bV
quest,Vk2z
quest,nvgp
quest,yVe0
quest,Go8V
quest,cW5x
quest,dZi5
quest,hfUX
quest,CO4f
quest,mcRB
quest,x9YI
quest,tZNV
quest,a9Pn
quest,BEod
quest,jI3V
quest,udWO
quest,n1Kz
quest,dw77
quest,5r17
quest,2YDR
quest,gSZH
quest,oTjm
quest,62ov
quest,sRGQ
quest,dpr7
quest,FX5H
quest,eQqq
quest,9TUP
quest,ObHH
quest,utMT
quest,fdFw
quest,6YTm
quest,mVG5
quest,rgww
quest,Vc4D
quest,R2RV
quest,SQK1
quest,9mzG
quest,9aYf
quest,jBlh
quest,6m6i
quest,waL6
quest,mEX5
quest,2pu0
quest,UlBz
quest,reDD
quest,ICX4
quest,CjcJ
quest,CVaZ
quest,IPwx
quest,UVpA
quest,LzmM
quest,bOrT
quest,SIOa
quest,WTyb
quest,5f9I
quest,TBCF
quest,75aw
quest,KywK
quest,Ug27
quest,YDDO
quest,T8ub
quest,HkgS
quest,WobD
quest,wh5r
quest,KhpU
quest,DBIW
quest,80uy
quest,eyd9
quest,V27V
quest,IXpS
quest,t55Z
quest,Bmmi
quest,14hz
quest,Rbby
quest,jFRQ
quest,fnpO
quest,6dRM
quest,rmYF
quest,LB6G
quest,Cy9w
quest,THsV
quest,6H0u
quest,Fy98
quest,4mcy
quest,hudK
quest,x3VO
quest,GLCy
quest,MK0o
quest,l09H
quest,qYR3
quest,N7ot
quest,1BQH
quest,POKw
quest,87lg
quest,ahYF
quest,DfWx
quest,vMm4
quest,A6qn
quest,51ZW
quest,lYOA
quest,kSf8
quest,ABEJ
quest,LyAM
quest,iqOj
quest,RYk7
quest,5Cig
quest,J7Ko
quest,kuB8
quest,Anst
quest,1d4v
quest,FJ5t
quest,kQZR
quest,d53l
quest,gtWs
quest,nrZI
quest,mnAM
quest,1ich
quest,r0Ki
quest,2fEf
quest,fpxH
quest,xXZq
quest,402r
quest,RFDK
quest,vxhY
quest,CUco
quest,2XeO
quest,9PG5
quest,NuLZ
quest,xcXy
quest,UNDT
quest,nRqp
quest,y0oX
quest,RCyY
quest,N17j
quest,W7ag
quest,Afvl
quest,Uljr
quest,AQ4A
quest,eACX
quest,Q4i1
quest,Z463
quest,GgRi
quest,mXpO
quest,1MAS
quest,WuVH
quest,Sx7l
quest,a7Gk
quest,3En8
quest,Yfpa
quest,eDaX
quest,03ac
quest,URHu
quest,4B9q
quest,wAob
quest,OljZ
quest,pyNt
quest,iOiv
quest,D0vH
quest,5Fem
quest,RUdx
quest,SrFk
quest,CTvl
quest,Khls
quest,B3Pz
quest,5LMT
quest,MwgU
quest,qUYZ
quest,2dYN
quest,LFSB
quest,Ry73
quest,IRP8
quest,7IqM
quest,YNn9
quest,PWec
quest,nsnn
quest,nIlU
quest,zMJx
quest,uTbL
quest,2iBl
quest,tGQO
quest,81OI
quest,HbLU
quest,okYO
quest,tfth
quest,Eaqy
quest,4xGD
quest,EwjZ
quest,pT6f
quest,XCPm
quest,kFC7
quest,0mSp
quest,NMH9
quest,fzlH
quest,ujiH
quest,9ODz
quest,PQr0
quest,22XI
quest,smAF
quest,AGXq
quest,yepl
quest,OKb9
quest,85bR
quest,rET4
quest,wzR0
quest,Xep6
quest,p79U
quest,NHvi
quest,3w1i
quest,DIZA
quest,k82q
quest,aqiR
quest,kPg8
quest,BDyI
quest,ikNX
quest,sG95
quest,W9ui
quest,OAlY
quest,eminerva
quest,WIfq
quest,iSny
quest,ExeY
quest,DyfJ
quest,9MUT
quest,upGQ
quest,Z2QI
quest,SE6L
quest,sloF
quest,iBB4
quest,QOYh
quest,xM0k
quest,6Asz
quest,xnFN
quest,YL0m
quest,jyBj
quest,AMhM
quest,fNil
quest,dWpw
quest,m72k
quest,0qTk
quest,KTbc
quest,uIjh
quest,iAV2
quest,QSBH
quest,smGK
quest,ekOz
quest,qPqe
quest,fXCX
quest,QBUZ
quest,BG9T
quest,RMhg
quest,Repw
quest,TkJR
quest,oAvG
quest,I9CZ
quest,v41a
quest,lJK9
quest,nQfo
quest,sLrJ
quest,IvfX
quest,a1Dx
quest,5og5
quest,pSMS
quest,RWgb
quest,5VSU
quest,Fyai
quest,O2Bf
quest,DtrJ
quest,fTBZ
quest,yQSA
quest,DsUB
quest,RjHz
quest,aOLD
quest,WA3q
quest,pTMJ
quest,aimopass

