pass,password
iniziale,NULL
iniziale,U2m1
iniziale,NULL
iniziale,NULL
iniziale,NULL
iniziale,4Xfx
iniziale,NULL
iniziale,ZnzA
iniziale,yy8N
iniziale,Trbb
iniziale,BsOL
iniziale,NULL
iniziale,NULL
iniziale,v8we
iniziale,NULL
iniziale,3U27
iniziale,NULL
iniziale,NULL
iniziale,yjMv
iniziale,NULL
iniziale,4oEO
iniziale,NULL
iniziale,NULL
iniziale,NULL
iniziale,NULL
iniziale,NULL
iniziale,NULL
iniziale,NULL
iniziale,HHjk
iniziale,NULL
iniziale,NULL
iniziale,NULL
iniziale,NULL
iniziale,NULL
iniziale,TYIT
iniziale,qkrJ
iniziale,NULL
iniziale,JF5j
iniziale,NULL
iniziale,NULL
iniziale,R5IY
iniziale,NULL
iniziale,NULL
iniziale,qlhN
iniziale,qLvj
iniziale,CWVc
iniziale,NULL
iniziale,umjH
iniziale,NULL
iniziale,NULL
iniziale,PEiI
iniziale,dTte
iniziale,VBDL
iniziale,NULL
iniziale,NULL
iniziale,NULL
iniziale,lmK9
iniziale,5kbm
iniziale,NULL
iniziale,NULL
iniziale,aNQG
iniziale,qKt0
iniziale,5kbm
iniziale,NULL
iniziale,qNyN
iniziale,NULL
iniziale,NULL
iniziale,NULL
iniziale,NULL
iniziale,NULL
iniziale,NULL
iniziale,NULL
iniziale,BTkq
iniziale,NULL
iniziale,NULL
iniziale,NULL
iniziale,ZAz9
iniziale,3U27
iniziale,qlhN
iniziale,NULL
iniziale,NULL
iniziale,NULL
iniziale,ISAN
iniziale,qpIq
iniziale,MnKN
iniziale,NULL
iniziale,NULL
iniziale,NULL
iniziale,NULL
iniziale,U2m1
iniziale,qLvj
iniziale,NULL
iniziale,8FoQ
iniziale,NULL
iniziale,yjMv
iniziale,NULL
iniziale,NULL
iniziale,NULL
iniziale,umjH
iniziale,NULL
iniziale,NULL
iniziale,NULL
iniziale,NULL
iniziale,NULL
iniziale,NULL
iniziale,NULL
iniziale,NULL
iniziale,NULL
iniziale,NULL
iniziale,NULL
iniziale,NULL
iniziale,NULL
iniziale,aVe6
iniziale,NULL
iniziale,W0vp
iniziale,qLvj
iniziale,NULL
iniziale,ZAz9
iniziale,NULL
iniziale,NULL
iniziale,ISAN
iniziale,NULL
iniziale,MnKN
iniziale,1ZfD
iniziale,NULL
iniziale,NULL
iniziale,gT8m
iniziale,qNyN
iniziale,NULL
iniziale,NULL
iniziale,NULL
iniziale,NULL
iniziale,Jll2
iniziale,J8lQ
iniziale,XTqP
iniziale,Trbb
iniziale,4oEO
iniziale,NULL
iniziale,1ZfD
iniziale,NULL
iniziale,qlhN
iniziale,4Xfx
iniziale,yjMv
iniziale,n0a2
iniziale,4Xfx
iniziale,NULL
iniziale,NULL
iniziale,NULL
iniziale,6xu0
iniziale,e0t6
iniziale,NULL
iniziale,HHjk
iniziale,c4SQ
iniziale,NULL
iniziale,lRjJ
iniziale,NULL
iniziale,flR3
iniziale,NULL
iniziale,NULL
iniziale,BTkq
iniziale,BsOL
iniziale,NULL
iniziale,S1jj
iniziale,NULL
iniziale,NULL
iniziale,NULL
iniziale,eXeA
iniziale,NULL
iniziale,NULL
iniziale,NULL
iniziale,NULL
iniziale,ZnzA
iniziale,cCnd
iniziale,NULL
iniziale,umjH
iniziale,NULL
iniziale,NULL
iniziale,IhJu
iniziale,NULL
iniziale,NULL
iniziale,W0vp
iniziale,NULL
iniziale,NULL
iniziale,01ZQ
iniziale,4oEO
iniziale,NULL
iniziale,NULL
iniziale,NULL
iniziale,NULL
iniziale,NULL
iniziale,NULL
iniziale,NULL
iniziale,ZAz9
iniziale,yy8N
iniziale,ZAz9
iniziale,NULL
iniziale,J8lQ
iniziale,BsOL
iniziale,qpIq
iniziale,NULL
iniziale,5gzN
iniziale,NULL
iniziale,NULL
iniziale,NULL
iniziale,NULL
iniziale,NULL
iniziale,4EPO
iniziale,NULL
iniziale,NULL
iniziale,NULL
iniziale,VLTC
iniziale,NULL
iniziale,YAp1
iniziale,KDh3
iniziale,uNfO
iniziale,saGB
iniziale,NULL
iniziale,4EPO
iniziale,NULL
iniziale,NULL
iniziale,NULL
iniziale,A8LJ
iniziale,NULL
iniziale,NULL
iniziale,NULL
iniziale,NULL
iniziale,NULL
iniziale,Cvti
iniziale,NULL
iniziale,iwP7
iniziale,siCk
iniziale,A8LJ
iniziale,NULL
iniziale,NULL
iniziale,NULL
iniziale,Yg9Y
iniziale,NULL
iniziale,NULL
iniziale,KDh3
iniziale,NULL
iniziale,phHI
iniziale,NULL
iniziale,NULL
iniziale,kdLk
iniziale,TKxQ
iniziale,NULL
iniziale,NULL
iniziale,7hrE
iniziale,V7p0
iniziale,NULL
iniziale,NULL
iniziale,NULL
iniziale,NULL
iniziale,NULL
iniziale,ktYJ
iniziale,NULL
iniziale,NULL
iniziale,7s3m
iniziale,1Etf
iniziale,tbAW
iniziale,NULL
iniziale,myzf
iniziale,NULL
iniziale,6dEW
iniziale,NULL
iniziale,8xQX
iniziale,NULL
iniziale,mece
iniziale,NULL
iniziale,NULL
iniziale,NULL
iniziale,NULL
iniziale,NULL
iniziale,jxnf
iniziale,RAfb
iniziale,nh4Y
iniziale,NULL
iniziale,NULL
iniziale,paZn
iniziale,6fgv
iniziale,NULL
iniziale,NULL
iniziale,NULL
iniziale,PeKv
iniziale,NULL
iniziale,NULL
iniziale,paZn
iniziale,YAp1
iniziale,NULL
iniziale,NULL
iniziale,NULL
iniziale,rzHM
iniziale,NULL
iniziale,iUwt
iniziale,NULL
iniziale,NULL
iniziale,NULL
iniziale,jxnf
iniziale,NULL
iniziale,saGB
iniziale,rzHM
iniziale,NULL
iniziale,NULL
iniziale,2Y91
iniziale,nh4Y
iniziale,NULL
iniziale,NULL
iniziale,NULL
iniziale,3kn0
iniziale,NULL
iniziale,NULL
iniziale,hZYQ
iniziale,NULL
iniziale,NULL
iniziale,NULL
iniziale,A0pC
iniziale,NULL
iniziale,NULL
iniziale,sN7G
iniziale,NULL
iniziale,0QPW
iniziale,kYO7
iniziale,5gzN
iniziale,FUMk
iniziale,NULL
iniziale,SWVW
iniziale,NULL
iniziale,phHI
iniziale,Eu4F
iniziale,92WA
iniziale,RAfb
iniziale,NULL
iniziale,NULL
iniziale,NULL
iniziale,NULL
iniziale,NULL
iniziale,NULL
iniziale,NULL
iniziale,RAfb
iniziale,NULL
iniziale,NULL
iniziale,hZYQ
iniziale,Eu4F
iniziale,NULL
iniziale,NULL
iniziale,7hrE
iniziale,AA7s
iniziale,Yg9Y
iniziale,SsdR
iniziale,NULL
iniziale,4EPO
iniziale,phHI
iniziale,NULL
iniziale,NULL
iniziale,V7p0
iniziale,NULL
iniziale,kdLk
iniziale,NULL
iniziale,NULL
iniziale,NULL
iniziale,NULL
iniziale,kYO7
iniziale,NULL
iniziale,NULL
iniziale,NULL
iniziale,NULL
iniziale,NULL
iniziale,NULL
iniziale,NULL
iniziale,NULL
iniziale,NULL
iniziale,E4sz
iniziale,5gzN
iniziale,2nZC
iniziale,NULL
iniziale,zm3b
iniziale,ht7n
iniziale,NULL
iniziale,NULL
iniziale,NULL
iniziale,NULL
iniziale,VLTC
iniziale,NULL
iniziale,NULL
iniziale,DBCr
iniziale,NULL
iniziale,NULL
iniziale,NULL
iniziale,NULL
iniziale,NULL
iniziale,6fgv
iniziale,NULL
iniziale,NULL
iniziale,NULL
iniziale,KMnf
iniziale,NULL
iniziale,NULL
iniziale,i1wn
iniziale,NULL
iniziale,od5h
iniziale,tpRI
iniziale,KDh3
iniziale,iUwt
iniziale,NULL
iniziale,JFZz
iniziale,NULL
iniziale,NULL
iniziale,NULL
iniziale,NULL
iniziale,UJpE
iniziale,NULL
iniziale,2WpD
iniziale,NULL
iniziale,NULL
iniziale,jWhp
iniziale,NULL
iniziale,zvr6
iniziale,NULL
iniziale,NULL
iniziale,NULL
iniziale,pDFR
iniziale,bBhF
iniziale,NULL
iniziale,26Do
iniziale,NULL
iniziale,NULL
iniziale,hdws
iniziale,iUwt
iniziale,0bYM
iniziale,NULL
iniziale,NULL
iniziale,kczQ
iniziale,NULL
iniziale,NULL
iniziale,NULL
iniziale,NULL
iniziale,NULL
iniziale,NULL
iniziale,NULL
iniziale,YPrG
iniziale,NULL
iniziale,NULL
iniziale,xnKK
iniziale,NULL
iniziale,NULL
iniziale,mXm6
iniziale,NULL
iniziale,NULL
iniziale,NULL
iniziale,4JRc
iniziale,3U8X
iniziale,NULL
iniziale,NULL
iniziale,NULL
iniziale,NULL
iniziale,eG4O
iniziale,NULL
iniziale,NULL
iniziale,2WpD
iniziale,gGC4
iniziale,NULL
iniziale,NULL
iniziale,YOBV
iniziale,NULL
iniziale,NULL
iniziale,NULL
iniziale,NULL
iniziale,IkNs
iniziale,87S7
iniziale,fAKY
iniziale,5S3J
iniziale,KDh3
iniziale,8JuE
iniziale,NULL
iniziale,gEUX
iniziale,NULL
iniziale,NULL
iniziale,NULL
iniziale,NULL
iniziale,MzKx
iniziale,NULL
iniziale,q8Iy
iniziale,NULL
iniziale,KDh3
iniziale,gGC4
iniziale,xhKN
iniziale,NULL
iniziale,NULL
iniziale,NULL
iniziale,NULL
iniziale,tfgv
iniziale,NULL
iniziale,NULL
iniziale,NULL
iniziale,NULL
iniziale,A9Oe
iniziale,i1wn
iniziale,NULL
iniziale,NULL
iniziale,NULL
iniziale,KDh3
iniziale,m1bN
iniziale,NULL
iniziale,NULL
iniziale,NULL
iniziale,kN3G
iniziale,NULL
iniziale,NULL
iniziale,NULL
iniziale,NULL
iniziale,NULL
iniziale,od5h
iniziale,NULL
iniziale,w8na
iniziale,NULL
iniziale,NULL
iniziale,NULL
iniziale,kczQ
iniziale,NULL
iniziale,NULL
iniziale,NULL
iniziale,NULL
iniziale,NULL
iniziale,CEhH
iniziale,NULL
iniziale,NULL
iniziale,NULL
iniziale,LCYz
iniziale,yR3y
iniziale,op2l
iniziale,NULL
iniziale,NULL
iniziale,od5h
iniziale,NULL
iniziale,NULL
iniziale,NULL
iniziale,yqGM
iniziale,NULL
iniziale,YPnl
iniziale,NULL
iniziale,NULL
iniziale,NULL
iniziale,NULL
iniziale,NULL
iniziale,2ZhG
iniziale,3U8X
iniziale,NULL
iniziale,xhKN
iniziale,NULL
iniziale,NULL
iniziale,NULL
iniziale,IkNs
iniziale,NULL
iniziale,NULL
iniziale,NULL
iniziale,FDqA
iniziale,FDqA
iniziale,GfA9
iniziale,NULL
iniziale,NULL
iniziale,iG9Z
iniziale,NULL
iniziale,NULL
iniziale,Tn49
iniziale,NULL
iniziale,NULL
iniziale,eG4O
iniziale,NULL
iniziale,zOBe
iniziale,NULL
iniziale,NULL
iniziale,NULL
iniziale,NULL
iniziale,NULL
iniziale,NULL
iniziale,NULL
iniziale,YOBV
iniziale,NULL
iniziale,NULL
iniziale,NULL
iniziale,NULL
iniziale,mXm6
iniziale,NULL
iniziale,pDFR
iniziale,vkyh
iniziale,2WpD
iniziale,NULL
iniziale,NULL
iniziale,NULL
iniziale,NULL
iniziale,NULL
iniziale,NULL
iniziale,NULL
iniziale,NULL
iniziale,NULL
iniziale,vkyh
iniziale,auZG
iniziale,QtiR
iniziale,pv04
iniziale,NULL
iniziale,NULL
iniziale,NULL
iniziale,NULL
iniziale,8zuy
iniziale,KDh3
iniziale,Ow8w
iniziale,NULL
iniziale,NULL
iniziale,NULL
iniziale,oR0p
iniziale,NULL
iniziale,NULL
iniziale,llvx
iniziale,NULL
iniziale,tUqK
iniziale,WfDf
iniziale,NULL
iniziale,NULL
iniziale,NULL
iniziale,NULL
iniziale,NULL
iniziale,NULL
iniziale,NULL
iniziale,biBa
iniziale,NULL
iniziale,NULL
iniziale,ZR3z
iniziale,Ji5j
iniziale,NULL
iniziale,F58V
iniziale,NULL
iniziale,NULL
iniziale,NULL
iniziale,NULL
iniziale,Mutf
iniziale,NULL
iniziale,NULL
iniziale,NULL
iniziale,NULL
iniziale,NULL
iniziale,exRv
iniziale,NULL
iniziale,NULL
iniziale,NULL
iniziale,NULL
iniziale,auZG
iniziale,NULL
iniziale,NULL
iniziale,Mutf
iniziale,zhyE
iniziale,WfDf
iniziale,NULL
iniziale,t6Tt
iniziale,NULL
iniziale,6zuA
iniziale,VK8A
iniziale,NULL
iniziale,NULL
iniziale,NULL
iniziale,NULL
iniziale,NULL
iniziale,wogy
iniziale,NULL
iniziale,llvx
iniziale,NULL
iniziale,NULL
iniziale,NULL
iniziale,NSV5
iniziale,NULL
iniziale,NULL
iniziale,b9bk
iniziale,ODuB
iniziale,NULL
iniziale,NULL
iniziale,NULL
iniziale,NULL
iniziale,hjcP
iniziale,bfj3
iniziale,NULL
iniziale,NULL
iniziale,Ow8w
iniziale,Gxbp
iniziale,NULL
iniziale,NULL
iniziale,NULL
iniziale,NULL
iniziale,NULL
iniziale,NULL
iniziale,NULL
iniziale,ZEa7
iniziale,NULL
iniziale,NULL
iniziale,jvuu
iniziale,mOZw
iniziale,QyFo
iniziale,oR0p
iniziale,NULL
iniziale,zhyE
iniziale,oR0p
iniziale,NULL
iniziale,hjcP
iniziale,NULL
iniziale,NULL
iniziale,NULL
iniziale,ODuB
iniziale,oxUl
iniziale,VK8A
iniziale,NULL
iniziale,b0IX
iniziale,NULL
iniziale,biBa
iniziale,NULL
iniziale,NULL
iniziale,NULL
iniziale,NULL
iniziale,ODuB
iniziale,NULL
iniziale,NULL
iniziale,NULL
iniziale,oR0p
iniziale,oR0p
iniziale,LLI6
iniziale,hjcP
iniziale,NULL
iniziale,7pXD
iniziale,NULL
iniziale,NULL
iniziale,pXRD
iniziale,XewW
iniziale,NULL
iniziale,NULL
iniziale,Mutf
iniziale,NULL
iniziale,NULL
iniziale,UKH4
iniziale,NULL
iniziale,iUwt
iniziale,PF8h
iniziale,7lVN
iniziale,JBTj
iniziale,NULL
iniziale,exRv
iniziale,NULL
iniziale,ODuB
iniziale,DdxM
iniziale,ODuB
iniziale,NULL
iniziale,b0IX
iniziale,8b4T
iniziale,7lVN
iniziale,NULL
iniziale,NULL
iniziale,NULL
iniziale,NULL
iniziale,NULL
iniziale,NULL
iniziale,NULL
iniziale,NULL
iniziale,b0IX
iniziale,iUwt
iniziale,bfj3
iniziale,NULL
iniziale,NULL
iniziale,exRv
iniziale,NULL
iniziale,PDGi
iniziale,NULL
iniziale,PDGi
iniziale,NSV5
iniziale,LTNE
iniziale,hUDH
iniziale,NULL
iniziale,NULL
iniziale,NULL
iniziale,NULL
iniziale,NULL
iniziale,eogC
iniziale,NULL
iniziale,Ksn0
iniziale,NULL
iniziale,NULL
iniziale,NULL
iniziale,NWh4
iniziale,NULL
iniziale,NULL
iniziale,8b4T
iniziale,8b4T
iniziale,NULL
iniziale,NULL
iniziale,NULL
iniziale,NULL
iniziale,NULL
iniziale,NULL
iniziale,lyKD
iniziale,NULL
iniziale,NULL
iniziale,NULL
iniziale,NULL
iniziale,NULL
iniziale,NULL
iniziale,s9qb
iniziale,NULL
iniziale,NULL
iniziale,Yy0l
iniziale,NULL
iniziale,B7R3
iniziale,NULL
iniziale,NULL
iniziale,NULL
iniziale,NULL
iniziale,4SmK
iniziale,MuCn
iniziale,HLan
iniziale,dtK3
iniziale,NULL
iniziale,NULL
iniziale,GYQP
iniziale,NULL
iniziale,NULL
iniziale,NULL
iniziale,NULL
iniziale,CSXq
iniziale,NULL
iniziale,4GW2
iniziale,HLan
iniziale,NULL
iniziale,lKG4
iniziale,vhbG
iniziale,NULL
iniziale,NULL
iniziale,YNOY
iniziale,NULL
iniziale,lrKx
iniziale,NULL
iniziale,cxKV
iniziale,NULL
iniziale,NULL
iniziale,NULL
iniziale,NULL
iniziale,NULL
iniziale,NULL
iniziale,fR6S
iniziale,UAnH
iniziale,klQ1
iniziale,NULL
iniziale,GYQP
iniziale,klQ1
iniziale,NULL
iniziale,ks68
iniziale,NULL
iniziale,NULL
iniziale,NULL
iniziale,NULL
iniziale,NULL
iniziale,NULL
iniziale,JAOm
iniziale,NULL
iniziale,NULL
iniziale,pfZ7
iniziale,NULL
iniziale,NULL
iniziale,NULL
iniziale,17LB
iniziale,NULL
iniziale,NULL
iniziale,NULL
iniziale,lQKL
iniziale,GYQP
iniziale,NULL
iniziale,klQ1
iniziale,4SmK
iniziale,NULL
iniziale,NULL
iniziale,NULL
iniziale,NULL
iniziale,NULL
iniziale,PPHr
iniziale,HLan
iniziale,NULL
iniziale,BtdX
iniziale,1FnT
iniziale,X4F8
iniziale,cPK5
iniziale,NULL
iniziale,NULL
iniziale,JAOm
iniziale,NULL
iniziale,NULL
iniziale,fR6S
iniziale,NULL
iniziale,NULL
iniziale,vxba
iniziale,NULL
iniziale,NULL
iniziale,NULL
iniziale,NULL
iniziale,NULL
iniziale,NULL
iniziale,NULL
iniziale,NULL
iniziale,fcZA
iniziale,NULL
iniziale,ks68
iniziale,NULL
iniziale,NULL
iniziale,NULL
iniziale,NULL
iniziale,NULL
iniziale,pfZ7
iniziale,NULL
iniziale,NULL
iniziale,vxba
iniziale,NULL
iniziale,NULL
iniziale,Y6DK
iniziale,NULL
iniziale,NULL
iniziale,NULL
iniziale,U7Nx
iniziale,KDh3
iniziale,NULL
iniziale,NULL
iniziale,NULL
iniziale,eAX4
iniziale,NULL
iniziale,NULL
iniziale,NULL
iniziale,a0ci
iniziale,klQ1
iniziale,LKLD
iniziale,vxba
iniziale,NULL
iniziale,NULL
iniziale,NULL
iniziale,NULL
iniziale,NULL
iniziale,NULL
iniziale,NULL
iniziale,NULL
iniziale,CSXq
iniziale,ocPS
iniziale,fR6S
iniziale,ei9b
iniziale,NULL
iniziale,NULL
iniziale,NULL
iniziale,NULL
iniziale,NULL
iniziale,NULL
iniziale,dgXX
iniziale,vhbG
iniziale,NULL
iniziale,NULL
iniziale,0yin
iniziale,NULL
iniziale,jMsg
iniziale,NULL
iniziale,NULL
iniziale,U7Nx
iniziale,NULL
iniziale,NULL
iniziale,NULL
iniziale,NULL
iniziale,NULL
iniziale,NULL
iniziale,NULL
iniziale,rtGx
iniziale,lQKL
iniziale,NULL
iniziale,KDh3
iniziale,NULL
iniziale,NULL
iniziale,NULL
iniziale,cPK5
iniziale,mrqy
iniziale,B18N
iniziale,NULL
iniziale,NULL
iniziale,fcZA
iniziale,vxba
iniziale,NULL
iniziale,YNOY
iniziale,zUAV
iniziale,NULL
iniziale,NULL
iniziale,NULL
iniziale,Y3ot
iniziale,HLan
iniziale,NULL
iniziale,NULL
iniziale,ISJX
iniziale,NULL
iniziale,NULL
iniziale,PvjG
iniziale,NULL
iniziale,NULL
iniziale,dye0
iniziale,rEcM
iniziale,iaJ7
iniziale,NULL
iniziale,Fy1x
iniziale,NULL
iniziale,WaXy
iniziale,NULL
iniziale,NULL
iniziale,NULL
iniziale,KxOn
iniziale,Ci06
iniziale,NULL
iniziale,NULL
iniziale,IhJu
iniziale,NULL
iniziale,eZM9
iniziale,NULL
iniziale,TdOR
iniziale,NULL
iniziale,9Sre
iniziale,NULL
iniziale,6CMD
iniziale,NULL
iniziale,NULL
iniziale,NULL
iniziale,KxOn
iniziale,iaJ7
iniziale,NULL
iniziale,e9qi
iniziale,MZih
iniziale,NULL
iniziale,NULL
iniziale,NULL
iniziale,NULL
iniziale,NULL
iniziale,NULL
iniziale,NULL
iniziale,NULL
iniziale,NULL
iniziale,NULL
iniziale,NULL
iniziale,NULL
iniziale,NULL
iniziale,jRWo
iniziale,J9R2
iniziale,NULL
iniziale,flR3
iniziale,NULL
iniziale,XA8g
iniziale,x9Ox
iniziale,NULL
iniziale,c4SQ
iniziale,rEcM
iniziale,mmms
iniziale,GNdV
iniziale,6CMD
iniziale,NULL
iniziale,NULL
iniziale,AJpY
iniziale,1ZfD
iniziale,x9Ox
iniziale,OFuc
iniziale,NULL
iniziale,NULL
iniziale,NULL
iniziale,Fy1x
iniziale,DyAk
iniziale,NULL
iniziale,NULL
iniziale,NULL
iniziale,NULL
iniziale,NULL
iniziale,NULL
iniziale,NULL
iniziale,Txhx
iniziale,Jomo
iniziale,NULL
iniziale,NULL
iniziale,NULL
iniziale,nTJO
iniziale,NULL
iniziale,06WG
iniziale,b1EK
iniziale,NULL
iniziale,NULL
iniziale,Ci06
iniziale,aNQG
iniziale,NULL
iniziale,NULL
iniziale,NULL
iniziale,TdOR
iniziale,NULL
iniziale,NULL
iniziale,NULL
iniziale,NULL
iniziale,NULL
iniziale,NULL
iniziale,NULL
iniziale,01ZQ
iniziale,NULL
iniziale,uEZU
iniziale,NULL
iniziale,NULL
iniziale,iaJ7
iniziale,mq0v
iniziale,NULL
iniziale,NULL
iniziale,NULL
iniziale,AJpY
iniziale,NULL
iniziale,NULL
iniziale,cP7T
iniziale,dL4h
iniziale,99q7
iniziale,s9bZ
iniziale,qLvj
iniziale,99q7
iniziale,NULL
iniziale,WaXy
iniziale,NULL
iniziale,NULL
iniziale,NULL
iniziale,NULL
iniziale,4phA
iniziale,TIS4
iniziale,NULL
iniziale,NULL
iniziale,NULL
iniziale,eZM9
iniziale,NULL
iniziale,06WG
iniziale,NULL
iniziale,NULL
iniziale,J9R2
iniziale,SUaM
iniziale,SUaM
iniziale,NULL
iniziale,NULL
iniziale,NULL
iniziale,SUaM
iniziale,UmPd
iniziale,WaXy
iniziale,5DMe
iniziale,inIU
iniziale,NULL
iniziale,NULL
iniziale,5kbm
iniziale,NULL
iniziale,LFaG
iniziale,pIDR
iniziale,NULL
iniziale,NULL
iniziale,NULL
iniziale,NULL
iniziale,NULL
iniziale,mq0v
iniziale,NULL
iniziale,NULL
iniziale,flR3
iniziale,5DMe
iniziale,NULL
iniziale,Ci06
iniziale,LNmC
iniziale,CtTH
iniziale,6vC0
iniziale,tLu5
iniziale,NULL
iniziale,ZWzZ
iniziale,UmPd
iniziale,NULL
iniziale,NULL
iniziale,x9Ox
iniziale,6CMD
iniziale,J8lQ
iniziale,1ZfD
iniziale,NULL
iniziale,NULL
iniziale,NULL
iniziale,Fy1x
iniziale,yjMv
iniziale,ZWzZ
iniziale,J9R2
iniziale,NULL
iniziale,KxOn
iniziale,NULL
iniziale,Ci06
iniziale,NULL
iniziale,NULL
iniziale,dye0
iniziale,e9qi
iniziale,mmms
iniziale,NULL
iniziale,NULL
iniziale,nTJO
iniziale,WBMD
iniziale,NULL
iniziale,nTJO
iniziale,NULL
iniziale,NULL
iniziale,P91L
iniziale,PD3t
iniziale,SsdR
iniziale,NULL
iniziale,O9Jc
iniziale,IoAW
iniziale,mece
iniziale,NULL
iniziale,NULL
iniziale,NULL
iniziale,NULL
iniziale,NULL
iniziale,AgZw
iniziale,ok4j
iniziale,rBBu
iniziale,SkRo
iniziale,HkOb
iniziale,NULL
iniziale,1Etf
iniziale,NULL
iniziale,OQPe
iniziale,xvXW
iniziale,NULL
iniziale,FrhU
iniziale,FrhU
iniziale,SOHJ
iniziale,D3tB
iniziale,NULL
iniziale,NULL
iniziale,y9y4
iniziale,e3tT
iniziale,NULL
iniziale,NULL
iniziale,NULL
iniziale,NULL
iniziale,NULL
iniziale,NULL
iniziale,NULL
iniziale,uNfO
iniziale,kYO7
iniziale,KDh3
iniziale,p27Q
iniziale,NULL
iniziale,IIfI
iniziale,NULL
iniziale,NULL
iniziale,cUR6
iniziale,NULL
iniziale,NULL
iniziale,NULL
iniziale,NULL
iniziale,NULL
iniziale,NULL
iniziale,NULL
iniziale,NULL
iniziale,Ni3R
iniziale,NULL
iniziale,NULL
iniziale,NULL
iniziale,4Bpa
iniziale,NULL
iniziale,NULL
iniziale,qPca
iniziale,NULL
iniziale,NULL
iniziale,NULL
iniziale,D3tB
iniziale,FgQL
iniziale,NULL
iniziale,NULL
iniziale,FgQL
iniziale,NULL
iniziale,NULL
iniziale,FrhU
iniziale,kKPR
iniziale,qPUq
iniziale,NULL
iniziale,NULL
iniziale,NULL
iniziale,NULL
iniziale,NULL
iniziale,NULL
iniziale,NULL
iniziale,NULL
iniziale,NULL
iniziale,NULL
iniziale,NULL
iniziale,NULL
iniziale,NULL
iniziale,NULL
iniziale,EmD4
iniziale,qpWk
iniziale,VxYy
iniziale,NULL
iniziale,NULL
iniziale,RT3V
iniziale,NULL
iniziale,rBBu
iniziale,NULL
iniziale,SsdR
iniziale,NULL
iniziale,qPUq
iniziale,NULL
iniziale,NULL
iniziale,NULL
iniziale,HkOb
iniziale,FrhU
iniziale,1RPi
iniziale,NULL
iniziale,NULL
iniziale,NULL
iniziale,9Y9O
iniziale,PD3t
iniziale,NULL
iniziale,3RRT
iniziale,NULL
iniziale,NULL
iniziale,VxYy
iniziale,Sa8c
iniziale,NULL
iniziale,NULL
iniziale,NULL
iniziale,NULL
iniziale,NULL
iniziale,tfQB
iniziale,NULL
iniziale,NULL
iniziale,ok4j
iniziale,rNa5
iniziale,NULL
iniziale,7s3m
iniziale,NULL
iniziale,4sAS
iniziale,NULL
iniziale,NULL
iniziale,NULL
iniziale,NULL
iniziale,NULL
iniziale,LHtR
iniziale,D3tB
iniziale,NULL
iniziale,EmD4
iniziale,NULL
iniziale,2QEJ
iniziale,XfRL
iniziale,NULL
iniziale,NULL
iniziale,g2jt
iniziale,NULL
iniziale,cUR6
iniziale,NULL
iniziale,SsdR
iniziale,NULL
iniziale,MZso
iniziale,FgQL
iniziale,NULL
iniziale,NULL
iniziale,NULL
iniziale,NULL
iniziale,NULL
iniziale,NULL
iniziale,NULL
iniziale,O9Jc
iniziale,NULL
iniziale,ICZZ
iniziale,NULL
iniziale,e3tT
iniziale,NULL
iniziale,NULL
iniziale,rNa5
iniziale,f5Xm
iniziale,NULL
iniziale,NULL
iniziale,tI83
iniziale,rBBu
iniziale,NULL
iniziale,NULL
iniziale,NULL
iniziale,xvXW
iniziale,kdLk
iniziale,NULL
iniziale,NULL
iniziale,f5Xm
iniziale,NULL
iniziale,SkRo
iniziale,DleK
iniziale,NULL
iniziale,SkRo
iniziale,NULL
iniziale,VxYy
iniziale,O9Jc
iniziale,NULL
iniziale,KZhM
iniziale,NULL
iniziale,NULL
iniziale,g2jt
iniziale,NULL
iniziale,NULL
iniziale,NULL
iniziale,bH09
iniziale,5VmF
iniziale,NULL
iniziale,NgQN
iniziale,NULL
iniziale,lo2W
iniziale,NULL
iniziale,MZEf
iniziale,NULL
iniziale,NULL
iniziale,NULL
iniziale,NULL
iniziale,NULL
iniziale,NULL
iniziale,NULL
iniziale,NULL
iniziale,6LHz
iniziale,PlwA
iniziale,yRtl
iniziale,H5Tg
iniziale,NULL
iniziale,Xl1D
iniziale,RqCA
iniziale,9B0a
iniziale,NULL
iniziale,AfZN
iniziale,NULL
iniziale,NULL
iniziale,hoQX
iniziale,NULL
iniziale,NULL
iniziale,NULL
iniziale,NULL
iniziale,5S3J
iniziale,MLVr
iniziale,ykzt
iniziale,NULL
iniziale,NULL
iniziale,NULL
iniziale,yqGM
iniziale,NULL
iniziale,NULL
iniziale,n2vf
iniziale,NULL
iniziale,Av3e
iniziale,SWnv
iniziale,Ns70
iniziale,NULL
iniziale,NULL
iniziale,NULL
iniziale,NULL
iniziale,NULL
iniziale,spfy
iniziale,NULL
iniziale,NULL
iniziale,NULL
iniziale,NULL
iniziale,TIW1
iniziale,rzYQ
iniziale,NULL
iniziale,26Do
iniziale,RNPA
iniziale,NULL
iniziale,NULL
iniziale,MtFa
iniziale,yqGM
iniziale,9WS0
iniziale,NULL
iniziale,NULL
iniziale,gMAr
iniziale,MLVr
iniziale,NULL
iniziale,NULL
iniziale,ckfP
iniziale,BBwm
iniziale,gq95
iniziale,NULL
iniziale,spfy
iniziale,YPnl
iniziale,wkPa
iniziale,NULL
iniziale,NULL
iniziale,wqZe
iniziale,NULL
iniziale,1bgZ
iniziale,NULL
iniziale,NULL
iniziale,NULL
iniziale,NULL
iniziale,9I85
iniziale,6LHz
iniziale,NULL
iniziale,wkPa
iniziale,hoQX
iniziale,07iK
iniziale,NULL
iniziale,wqZe
iniziale,wqZe
iniziale,NULL
iniziale,NULL
iniziale,NULL
iniziale,NULL
iniziale,q9Rt
iniziale,FKtS
iniziale,NULL
iniziale,MDhA
iniziale,H5Tg
iniziale,SWnv
iniziale,26Do
iniziale,NULL
iniziale,NULL
iniziale,NULL
iniziale,NULL
iniziale,NULL
iniziale,NULL
iniziale,NULL
iniziale,XGtR
iniziale,6LHz
iniziale,NULL
iniziale,wqZe
iniziale,NULL
iniziale,rzYQ
iniziale,ykzt
iniziale,Egqy
iniziale,i1wn
iniziale,NULL
iniziale,NULL
iniziale,NULL
iniziale,07iK
iniziale,NULL
iniziale,NULL
iniziale,NULL
iniziale,NULL
iniziale,NULL
iniziale,NULL
iniziale,NULL
iniziale,NULL
iniziale,NULL
iniziale,NULL
iniziale,NULL
iniziale,PqKp
iniziale,NULL
iniziale,Plpa
iniziale,NULL
iniziale,RqCA
iniziale,H5Tg
iniziale,NULL
iniziale,NULL
iniziale,NULL
iniziale,NULL
iniziale,NULL
iniziale,NULL
iniziale,MtFa
iniziale,NULL
iniziale,NULL
iniziale,NULL
iniziale,NULL
iniziale,NULL
iniziale,NULL
iniziale,NULL
iniziale,NULL
iniziale,SOF4
iniziale,tpRI
iniziale,NULL
iniziale,xaOC
iniziale,MtFa
iniziale,NULL
iniziale,NULL
iniziale,NULL
iniziale,NULL
iniziale,zOBe
iniziale,f422
iniziale,NULL
iniziale,NULL
iniziale,IJ5X
iniziale,NULL
iniziale,NULL
iniziale,NULL
iniziale,NULL
iniziale,wkPa
iniziale,lo2W
iniziale,fAKY
iniziale,NULL
iniziale,NULL
iniziale,NULL
iniziale,NULL
iniziale,NULL
iniziale,NULL
iniziale,ckfP
iniziale,NULL
iniziale,lo2W
iniziale,Plpa
iniziale,YPnl
iniziale,MDhA
iniziale,NULL
iniziale,wqZe
iniziale,RqCA
iniziale,NULL
iniziale,H9nF
iniziale,f5K0
iniziale,NULL
iniziale,cnZ5
iniziale,NULL
iniziale,NZTR
iniziale,NULL
iniziale,NULL
iniziale,NULL
iniziale,rDoA
iniziale,NULL
iniziale,NULL
iniziale,NULL
iniziale,1CVi
iniziale,NULL
iniziale,NULL
iniziale,bfj3
iniziale,PGV6
iniziale,NULL
iniziale,Ol0v
iniziale,6r83
iniziale,NULL
iniziale,NULL
iniziale,KhQC
iniziale,NULL
iniziale,NULL
iniziale,bfj3
iniziale,d4cV
iniziale,NULL
iniziale,NULL
iniziale,NULL
iniziale,Ji5j
iniziale,zOBe
iniziale,UuBo
iniziale,NULL
iniziale,NULL
iniziale,rbEK
iniziale,NULL
iniziale,NULL
iniziale,hUDH
iniziale,NULL
iniziale,FDqA
iniziale,NULL
iniziale,Ksn0
iniziale,GH0r
iniziale,mOZw
iniziale,NULL
iniziale,3idD
iniziale,NULL
iniziale,UKH4
iniziale,1CVi
iniziale,NULL
iniziale,1J1k
iniziale,NULL
iniziale,NULL
iniziale,lFiZ
iniziale,a4dg
iniziale,NULL
iniziale,Ov42
iniziale,NULL
iniziale,UKH4
iniziale,NULL
iniziale,NULL
iniziale,NULL
iniziale,bfj3
iniziale,TrNV
iniziale,NULL
iniziale,NULL
iniziale,hAQU
iniziale,sY3E
iniziale,NULL
iniziale,IHXe
iniziale,3idD
iniziale,NULL
iniziale,fy5L
iniziale,NULL
iniziale,NULL
iniziale,NULL
iniziale,NULL
iniziale,NULL
iniziale,xwtR
iniziale,Ol0v
iniziale,NULL
iniziale,NULL
iniziale,NULL
iniziale,NULL
iniziale,hUDH
iniziale,NULL
iniziale,NULL
iniziale,sY3E
iniziale,H9nF
iniziale,NULL
iniziale,Uc86
iniziale,NULL
iniziale,NULL
iniziale,Ov42
iniziale,vyym
iniziale,NULL
iniziale,Ov42
iniziale,vyym
iniziale,IHXe
iniziale,NULL
iniziale,NULL
iniziale,0GBd
iniziale,oIvm
iniziale,NULL
iniziale,GH0r
iniziale,NULL
iniziale,NULL
iniziale,LTNE
iniziale,NULL
iniziale,Mutf
iniziale,NULL
iniziale,GxHp
iniziale,GxHp
iniziale,NULL
iniziale,NULL
iniziale,NULL
iniziale,NULL
iniziale,NULL
iniziale,NULL
iniziale,NULL
iniziale,sltV
iniziale,NULL
iniziale,NULL
iniziale,NULL
iniziale,NULL
iniziale,0GBd
iniziale,NULL
iniziale,NULL
iniziale,NULL
iniziale,NULL
iniziale,Ksn0
iniziale,Ksn0
iniziale,NULL
iniziale,yTUf
iniziale,yTUf
iniziale,NULL
iniziale,NULL
iniziale,VyYw
iniziale,NULL
iniziale,NULL
iniziale,NULL
iniziale,0vWe
iniziale,vyym
iniziale,NULL
iniziale,NSV5
iniziale,NULL
iniziale,VcDM
iniziale,ZVBD
iniziale,NULL
iniziale,biBa
iniziale,NULL
iniziale,YA7r
iniziale,0GBd
iniziale,FDqA
iniziale,jvuu
iniziale,NULL
iniziale,NULL
iniziale,NULL
iniziale,beO6
iniziale,GxHp
iniziale,LTNE
iniziale,yTUf
iniziale,NULL
iniziale,wogy
iniziale,NULL
iniziale,NULL
iniziale,PGV6
iniziale,NULL
iniziale,GCMg
iniziale,NULL
iniziale,Ol0v
iniziale,bIGX
iniziale,NULL
iniziale,iUwt
iniziale,NULL
iniziale,d4cV
iniziale,GH0r
iniziale,2OTQ
iniziale,NULL
iniziale,NULL
iniziale,lFiZ
iniziale,NULL
iniziale,rDoA
iniziale,GCMg
iniziale,rbEK
iniziale,NULL
iniziale,yTUf
iniziale,GxHp
iniziale,NULL
iniziale,NULL
iniziale,NULL
iniziale,NULL
iniziale,Ksn0
iniziale,GOcF
iniziale,NULL
iniziale,bIGX
iniziale,NULL
iniziale,NULL
iniziale,NULL
iniziale,NULL
iniziale,954U
iniziale,NULL
iniziale,NULL
iniziale,NULL
iniziale,NULL
iniziale,NULL
iniziale,4EhO
iniziale,NULL
iniziale,NULL
iniziale,NULL
iniziale,lrKx
iniziale,wyms
iniziale,NULL
iniziale,Mlge
iniziale,NULL
iniziale,NULL
iniziale,lGVs
iniziale,NULL
iniziale,B6GN
iniziale,NULL
iniziale,NULL
iniziale,DVoN
iniziale,NULL
iniziale,D3K3
iniziale,dgXX
iniziale,XuBS
iniziale,NULL
iniziale,NULL
iniziale,XsKh
iniziale,CVgy
iniziale,RbN2
iniziale,NULL
iniziale,NULL
iniziale,NULL
iniziale,NULL
iniziale,NULL
iniziale,NULL
iniziale,954U
iniziale,NULL
iniziale,apu3
iniziale,NULL
iniziale,NULL
iniziale,NULL
iniziale,NULL
iniziale,NULL
iniziale,05R8
iniziale,D3K3
iniziale,NULL
iniziale,NULL
iniziale,NULL
iniziale,NULL
iniziale,NULL
iniziale,NULL
iniziale,atHl
iniziale,Bemc
iniziale,NULL
iniziale,Y6DK
iniziale,NULL
iniziale,lrKx
iniziale,NULL
iniziale,RQO9
iniziale,NULL
iniziale,YNOY
iniziale,NULL
iniziale,lGVs
iniziale,NULL
iniziale,NULL
iniziale,NULL
iniziale,85zD
iniziale,NULL
iniziale,trxU
iniziale,NULL
iniziale,NULL
iniziale,oR0p
iniziale,NULL
iniziale,NULL
iniziale,XsKh
iniziale,gYQi
iniziale,NULL
iniziale,PI7R
iniziale,NULL
iniziale,r9dL
iniziale,oRlX
iniziale,RQO9
iniziale,NULL
iniziale,NULL
iniziale,NULL
iniziale,NULL
iniziale,MuCn
iniziale,pnec
iniziale,3yyO
iniziale,sF4O
iniziale,NULL
iniziale,NULL
iniziale,xs6C
iniziale,NULL
iniziale,NULL
iniziale,NULL
iniziale,jHDl
iniziale,rIAm
iniziale,JjJZ
iniziale,NULL
iniziale,NULL
iniziale,NULL
iniziale,NULL
iniziale,sF4O
iniziale,QPoI
iniziale,E2dg
iniziale,NULL
iniziale,KJ3O
iniziale,mtqh
iniziale,NULL
iniziale,NULL
iniziale,pnec
iniziale,UcE9
iniziale,NULL
iniziale,954U
iniziale,NULL
iniziale,RQO9
iniziale,OdKL
iniziale,B6GN
iniziale,ei8S
iniziale,Ci98
iniziale,JjJZ
iniziale,NULL
iniziale,NULL
iniziale,NULL
iniziale,NULL
iniziale,4SmK
iniziale,NULL
iniziale,fdRG
iniziale,vxba
iniziale,NULL
iniziale,pfZ7
iniziale,NULL
iniziale,NULL
iniziale,27DK
iniziale,6NC4
iniziale,NULL
iniziale,NULL
iniziale,dgXX
iniziale,NULL
iniziale,DWrw
iniziale,vj7d
iniziale,NULL
iniziale,NULL
iniziale,mtqh
iniziale,NULL
iniziale,7VLO
iniziale,NULL
iniziale,NULL
iniziale,Y3ot
iniziale,NULL
iniziale,6zuA
iniziale,NULL
iniziale,NULL
iniziale,Bemc
iniziale,NULL
iniziale,NULL
iniziale,NULL
iniziale,NULL
iniziale,NULL
iniziale,wyms
iniziale,MuCn
iniziale,954U
iniziale,NULL
iniziale,NULL
iniziale,NULL
iniziale,r9Tl
iniziale,NULL
iniziale,NULL
iniziale,t2vV
iniziale,dgXX
iniziale,NULL
iniziale,jHDl
iniziale,pnec
iniziale,NULL
iniziale,85zD
iniziale,pnec
iniziale,CVgy
iniziale,eYRo
iniziale,sF4O
iniziale,NULL
iniziale,JjJZ
iniziale,NULL
iniziale,ko6C
iniziale,NULL
iniziale,NULL
iniziale,HLan
iniziale,vj7d
iniziale,NULL
iniziale,r9Tl
iniziale,NULL
iniziale,NULL
iniziale,NULL
iniziale,oR0p
iniziale,NULL
iniziale,YHsi
iniziale,8vNf
iniziale,NULL
iniziale,NULL
iniziale,NULL
iniziale,NULL
iniziale,UmPd
iniziale,NULL
iniziale,NULL
iniziale,NULL
iniziale,NULL
iniziale,CJuT
iniziale,Otmk
iniziale,xGDy
iniziale,TIS4
iniziale,Pk8O
iniziale,yYn2
iniziale,NULL
iniziale,NULL
iniziale,WBMD
iniziale,NULL
iniziale,NULL
iniziale,NULL
iniziale,NULL
iniziale,3JQo
iniziale,NULL
iniziale,CtTH
iniziale,yEK8
iniziale,yEK8
iniziale,jf3V
iniziale,vajr
iniziale,NULL
iniziale,X6Pr
iniziale,NULL
iniziale,SXYu
iniziale,CJuT
iniziale,NULL
iniziale,YebT
iniziale,NULL
iniziale,LFaG
iniziale,NULL
iniziale,NULL
iniziale,6yyx
iniziale,tY7c
iniziale,NULL
iniziale,niLj
iniziale,KDh3
iniziale,niLj
iniziale,NULL
iniziale,NULL
iniziale,NULL
iniziale,TIS4
iniziale,NULL
iniziale,NULL
iniziale,lQjq
iniziale,NULL
iniziale,jH3X
iniziale,NULL
iniziale,pgSM
iniziale,H5K5
iniziale,NULL
iniziale,xGDy
iniziale,Otmk
iniziale,NULL
iniziale,EQUa
iniziale,rEcM
iniziale,NULL
iniziale,NULL
iniziale,NULL
iniziale,NULL
iniziale,NULL
iniziale,NULL
iniziale,eF5M
iniziale,NULL
iniziale,NULL
iniziale,8vNf
iniziale,jf3V
iniziale,8vNf
iniziale,yEK8
iniziale,3xYd
iniziale,tweL
iniziale,NULL
iniziale,NULL
iniziale,diQJ
iniziale,NULL
iniziale,NULL
iniziale,NULL
iniziale,fdEE
iniziale,NULL
iniziale,NULL
iniziale,KDh3
iniziale,NULL
iniziale,KDh3
iniziale,NULL
iniziale,aZRY
iniziale,QClA
iniziale,4BZ6
iniziale,vMHi
iniziale,NULL
iniziale,TIS4
iniziale,NULL
iniziale,NULL
iniziale,NULL
iniziale,NULL
iniziale,QzuR
iniziale,WBMD
iniziale,KHIV
iniziale,NULL
iniziale,TdOR
iniziale,Wv2C
iniziale,e92t
iniziale,NULL
iniziale,NULL
iniziale,LFaG
iniziale,NULL
iniziale,NULL
iniziale,NULL
iniziale,NULL
iniziale,NULL
iniziale,6CMD
iniziale,NULL
iniziale,dL4h
iniziale,NULL
iniziale,NULL
iniziale,NULL
iniziale,NULL
iniziale,NULL
iniziale,NULL
iniziale,NULL
iniziale,3hrO
iniziale,NULL
iniziale,mq0v
iniziale,X6Pr
iniziale,NULL
iniziale,pgSM
iniziale,NULL
iniziale,O8gf
iniziale,NULL
iniziale,NULL
iniziale,jf3V
iniziale,NULL
iniziale,yYn2
iniziale,wO87
iniziale,NULL
iniziale,NULL
iniziale,SXYu
iniziale,NULL
iniziale,NULL
iniziale,NULL
iniziale,NULL
iniziale,pIDR
iniziale,NULL
iniziale,NULL
iniziale,NULL
iniziale,QzuR
iniziale,NULL
iniziale,KHIV
iniziale,NULL
iniziale,NULL
iniziale,NULL
iniziale,5DMe
iniziale,NULL
iniziale,NULL
iniziale,NULL
iniziale,NULL
iniziale,qURY
iniziale,NULL
iniziale,vajr
iniziale,w5mU
iniziale,NULL
iniziale,KDh3
iniziale,dL4h
iniziale,NULL
iniziale,g7BA
iniziale,NULL
iniziale,NULL
iniziale,NULL
iniziale,NULL
iniziale,YHsi
iniziale,yEK8
iniziale,zNv7
iniziale,NULL
iniziale,NULL
iniziale,NULL
iniziale,NULL
iniziale,NULL
iniziale,NULL
iniziale,NULL
iniziale,WfXl
iniziale,x58u
iniziale,NULL
iniziale,TIS4
iniziale,yEK8
iniziale,NULL
iniziale,tY7c
iniziale,aZRY
iniziale,NULL
iniziale,NULL
iniziale,NULL
iniziale,NULL
iniziale,XFae
iniziale,NULL
iniziale,NULL
iniziale,NULL
iniziale,1xXu
iniziale,NULL
iniziale,NULL
iniziale,NULL
iniziale,NULL
iniziale,NULL
iniziale,NULL
iniziale,3U27
iniziale,NULL
iniziale,Vls8
iniziale,deL6
iniziale,KDh3
iniziale,NULL
iniziale,NULL
iniziale,NULL
iniziale,NULL
iniziale,MnKN
iniziale,iUwt
iniziale,TQfr
iniziale,NULL
iniziale,eug1
iniziale,JJpM
iniziale,NULL
iniziale,NULL
iniziale,NULL
iniziale,y9y4
iniziale,e3tT
iniziale,zY8j
iniziale,NULL
iniziale,MnKN
iniziale,Jll2
iniziale,X03N
iniziale,NULL
iniziale,FGHz
iniziale,NULL
iniziale,kYO7
iniziale,NULL
iniziale,c16t
iniziale,FgQL
iniziale,NULL
iniziale,NULL
iniziale,NULL
iniziale,NULL
iniziale,NULL
iniziale,XFae
iniziale,NULL
iniziale,NULL
iniziale,ok4j
iniziale,xeqC
iniziale,NULL
iniziale,VxYy
iniziale,P91L
iniziale,NULL
iniziale,NULL
iniziale,NULL
iniziale,cTW1
iniziale,X03N
iniziale,NULL
iniziale,SOHJ
iniziale,NULL
iniziale,NULL
iniziale,NULL
iniziale,eug1
iniziale,NULL
iniziale,NULL
iniziale,NULL
iniziale,FgQL
iniziale,hKoR
iniziale,NULL
iniziale,P6qF
iniziale,NULL
iniziale,NULL
iniziale,U53n
iniziale,NULL
iniziale,NULL
iniziale,Jll2
iniziale,NULL
iniziale,j0kw
iniziale,NULL
iniziale,f5Xm
iniziale,NULL
iniziale,NULL
iniziale,RWIw
iniziale,FGHz
iniziale,NULL
iniziale,NULL
iniziale,NULL
iniziale,tOjX
iniziale,NULL
iniziale,4yUa
iniziale,NULL
iniziale,2QEJ
iniziale,NULL
iniziale,NULL
iniziale,FGHz
iniziale,eXeA
iniziale,NULL
iniziale,tI83
iniziale,NULL
iniziale,uYvB
iniziale,NULL
iniziale,FgQL
iniziale,NULL
iniziale,AAQn
iniziale,NULL
iniziale,NULL
iniziale,X03N
iniziale,NULL
iniziale,NULL
iniziale,NULL
iniziale,NULL
iniziale,NULL
iniziale,8zkF
iniziale,NULL
iniziale,NULL
iniziale,FgQL
iniziale,TQfr
iniziale,NULL
iniziale,NULL
iniziale,c16t
iniziale,tbAW
iniziale,NULL
iniziale,c16t
iniziale,3fXN
iniziale,NULL
iniziale,NULL
iniziale,tOjX
iniziale,NULL
iniziale,2QEJ
iniziale,4sAS
iniziale,3U27
iniziale,NULL
iniziale,U2m1
iniziale,Vls8
iniziale,N5uM
iniziale,KDh3
iniziale,NULL
iniziale,NULL
iniziale,NULL
iniziale,NULL
iniziale,NULL
iniziale,NULL
iniziale,NULL
iniziale,NULL
iniziale,X03N
iniziale,NULL
iniziale,NULL
iniziale,NULL
iniziale,NULL
iniziale,yEqV
iniziale,8zkF
iniziale,zY8j
iniziale,FgQL
iniziale,NULL
iniziale,NULL
iniziale,NULL
iniziale,c16t
iniziale,NULL
iniziale,kYO7
iniziale,NULL
iniziale,NULL
iniziale,1xXu
iniziale,NULL
iniziale,NULL
iniziale,NULL
iniziale,NULL
iniziale,4sAS
iniziale,U53n
iniziale,DW5L
iniziale,DW5L
iniziale,SOHJ
iniziale,NULL
iniziale,xeqC
iniziale,NULL
iniziale,8zkF
iniziale,NULL
iniziale,NULL
iniziale,NULL
iniziale,NULL
iniziale,3U27
iniziale,NULL
iniziale,tI83
iniziale,NULL
iniziale,NULL
iniziale,9Y9O
iniziale,KDh3
iniziale,VxYy
iniziale,EmD4
iniziale,NULL
iniziale,kKPR
iniziale,4sAS
iniziale,qPca
iniziale,KCim
iniziale,NULL
iniziale,NULL
iniziale,NULL
iniziale,NULL
iniziale,6fgv
iniziale,6fgv
iniziale,NULL
iniziale,HvHt
iniziale,NULL
iniziale,NULL
iniziale,NULL
iniziale,Ns70
iniziale,NULL
iniziale,NULL
iniziale,NULL
iniziale,NULL
iniziale,NULL
iniziale,NULL
iniziale,gq95
iniziale,iUwt
iniziale,NULL
iniziale,NULL
iniziale,NULL
iniziale,brGg
iniziale,NULL
iniziale,NULL
iniziale,NULL
iniziale,NULL
iniziale,pdm5
iniziale,NULL
iniziale,NULL
iniziale,ycny
iniziale,NULL
iniziale,NULL
iniziale,NULL
iniziale,NULL
iniziale,Cvti
iniziale,TiwH
iniziale,zOBe
iniziale,NULL
iniziale,NULL
iniziale,gq95
iniziale,NULL
iniziale,NULL
iniziale,NULL
iniziale,NULL
iniziale,NULL
iniziale,NULL
iniziale,brGg
iniziale,NULL
iniziale,pVs7
iniziale,Cvti
iniziale,NULL
iniziale,V7p0
iniziale,HcGE
iniziale,NULL
iniziale,1fGz
iniziale,NULL
iniziale,AA7s
iniziale,brGg
iniziale,NULL
iniziale,NULL
iniziale,uxAQ
iniziale,RNPA
iniziale,NULL
iniziale,NULL
iniziale,xaOC
iniziale,NULL
iniziale,iwP7
iniziale,fAKY
iniziale,CpHV
iniziale,NULL
iniziale,NULL
iniziale,zOBe
iniziale,NULL
iniziale,QtXz
iniziale,meFt
iniziale,NULL
iniziale,BO4l
iniziale,gq95
iniziale,7hrE
iniziale,NULL
iniziale,gSXP
iniziale,KMnf
iniziale,gSXP
iniziale,uxAQ
iniziale,NULL
iniziale,NULL
iniziale,NULL
iniziale,NULL
iniziale,NULL
iniziale,oX2S
iniziale,NULL
iniziale,NULL
iniziale,NULL
iniziale,KMnf
iniziale,ZOPo
iniziale,NULL
iniziale,NULL
iniziale,MZEf
iniziale,NULL
iniziale,NULL
iniziale,QnTe
iniziale,NULL
iniziale,NULL
iniziale,NULL
iniziale,DA2f
iniziale,7hrE
iniziale,NULL
iniziale,oX2S
iniziale,NULL
iniziale,Ns70
iniziale,NULL
iniziale,0Wto
iniziale,pdm5
iniziale,NULL
iniziale,AA7s
iniziale,NULL
iniziale,MZEf
iniziale,NULL
iniziale,NULL
iniziale,NULL
iniziale,NULL
iniziale,NULL
iniziale,NULL
iniziale,hZYQ
iniziale,NULL
iniziale,zm3b
iniziale,NULL
iniziale,QnTe
iniziale,NULL
iniziale,NULL
iniziale,VlTt
iniziale,NULL
iniziale,NULL
iniziale,NULL
iniziale,NULL
iniziale,NULL
iniziale,Sm3d
iniziale,NULL
iniziale,ESyh
iniziale,NULL
iniziale,NULL
iniziale,NULL
iniziale,ycny
iniziale,MZEf
iniziale,NULL
iniziale,NULL
iniziale,oX2S
iniziale,fPgX
iniziale,NULL
iniziale,NULL
iniziale,NULL
iniziale,NULL
iniziale,HcGE
iniziale,PeKv
iniziale,UYFQ
iniziale,NULL
iniziale,NULL
iniziale,NULL
iniziale,NULL
iniziale,NULL
iniziale,NULL
iniziale,NULL
iniziale,NULL
iniziale,5VmF
iniziale,NULL
iniziale,Tn49
iniziale,NULL
iniziale,NULL
iniziale,wxGL
iniziale,gSXP
iniziale,NULL
iniziale,NULL
iniziale,0Wto
iniziale,NULL
iniziale,wL6E
iniziale,NULL
iniziale,ESyh
iniziale,ESyh
iniziale,7hrE
iniziale,NULL
iniziale,NULL
iniziale,ybn9
iniziale,NULL
iniziale,NULL
iniziale,NULL
iniziale,YAp1
iniziale,NULL
iniziale,NULL
iniziale,NULL
iniziale,NULL
iniziale,NULL
iniziale,KMnf
iniziale,NULL
iniziale,PeKv
iniziale,NULL
iniziale,NULL
iniziale,NULL
iniziale,NULL
iniziale,NULL
iniziale,NULL
iniziale,NULL
iniziale,NULL
iniziale,NULL
iniziale,NULL
iniziale,NULL
iniziale,NULL
iniziale,NsXf
iniziale,NULL
iniziale,NULL
iniziale,94ys
iniziale,NULL
iniziale,NULL
iniziale,NULL
iniziale,A3Cn
iniziale,A3Cn
iniziale,NULL
iniziale,NULL
iniziale,NULL
iniziale,NULL
iniziale,GfA9
iniziale,NULL
iniziale,NULL
iniziale,iG9Z
iniziale,NULL
iniziale,f5K0
iniziale,NULL
iniziale,bmQi
iniziale,NULL
iniziale,d4cV
iniziale,Uc86
iniziale,q8Iy
iniziale,KDh3
iniziale,NULL
iniziale,NULL
iniziale,NULL
iniziale,NULL
iniziale,uxJf
iniziale,NULL
iniziale,bmQi
iniziale,NULL
iniziale,NULL
iniziale,tfgv
iniziale,NULL
iniziale,gMAr
iniziale,NULL
iniziale,NULL
iniziale,NULL
iniziale,DyLZ
iniziale,DyLZ
iniziale,NULL
iniziale,NULL
iniziale,NULL
iniziale,1J1k
iniziale,oG0a
iniziale,NULL
iniziale,M5hl
iniziale,NULL
iniziale,rDoA
iniziale,NULL
iniziale,NULL
iniziale,NULL
iniziale,NULL
iniziale,NULL
iniziale,yR3y
iniziale,NULL
iniziale,iUwt
iniziale,GfA9
iniziale,NULL
iniziale,NULL
iniziale,iG9Z
iniziale,NULL
iniziale,NULL
iniziale,NULL
iniziale,NULL
iniziale,NULL
iniziale,eIgT
iniziale,NULL
iniziale,QI7P
iniziale,NULL
iniziale,NULL
iniziale,NULL
iniziale,iG9Z
iniziale,NULL
iniziale,NULL
iniziale,NULL
iniziale,f5K0
iniziale,EJLI
iniziale,yR3y
iniziale,NULL
iniziale,Uc86
iniziale,NULL
iniziale,NULL
iniziale,NULL
iniziale,NULL
iniziale,NsXf
iniziale,NULL
iniziale,beO6
iniziale,NULL
iniziale,NULL
iniziale,f5K0
iniziale,NULL
iniziale,FDqA
iniziale,NULL
iniziale,NULL
iniziale,NULL
iniziale,IWnO
iniziale,NULL
iniziale,NULL
iniziale,NULL
iniziale,NULL
iniziale,NULL
iniziale,3idD
iniziale,NULL
iniziale,NULL
iniziale,NULL
iniziale,NULL
iniziale,NULL
iniziale,kczQ
iniziale,UuBo
iniziale,NULL
iniziale,NULL
iniziale,m1bN
iniziale,kYrr
iniziale,H6qv
iniziale,NULL
iniziale,4IEe
iniziale,NULL
iniziale,NULL
iniziale,q5tB
iniziale,zOBe
iniziale,NULL
iniziale,UuBo
iniziale,NULL
iniziale,NULL
iniziale,uxJf
iniziale,1F9b
iniziale,NULL
iniziale,eIgT
iniziale,UF1T
iniziale,NULL
iniziale,cnZ5
iniziale,NULL
iniziale,NULL
iniziale,Uc86
iniziale,NULL
iniziale,NULL
iniziale,NULL
iniziale,FAG6
iniziale,NULL
iniziale,kYrr
iniziale,IkNs
iniziale,FDqA
iniziale,LVbn
iniziale,koSJ
iniziale,kN3G
iniziale,oG0a
iniziale,NULL
iniziale,NULL
iniziale,NULL
iniziale,NULL
iniziale,NULL
iniziale,iUwt
iniziale,iUwt
iniziale,NULL
iniziale,NULL
iniziale,BdNC
iniziale,kN3G
iniziale,NULL
iniziale,zOBe
iniziale,NULL
iniziale,NULL
iniziale,NULL
iniziale,NULL
iniziale,Ab5E
iniziale,NULL
iniziale,1J1k
iniziale,gIxI
iniziale,NULL
iniziale,tfgv
iniziale,NULL
iniziale,NULL
iniziale,Ftzd
iniziale,NULL
iniziale,NULL
iniziale,94ys
iniziale,H6qv
iniziale,NULL
iniziale,NULL
iniziale,NULL
iniziale,NULL
iniziale,NULL
iniziale,MzKx
iniziale,UuBo
iniziale,l6Lc
iniziale,NsXf
iniziale,NULL
iniziale,NULL
iniziale,NULL
iniziale,NULL
iniziale,XuBS
iniziale,NULL
iniziale,NULL
iniziale,NULL
iniziale,NULL
iniziale,NWh4
iniziale,NULL
iniziale,Bemc
iniziale,NULL
iniziale,NULL
iniziale,lrKx
iniziale,NULL
iniziale,NULL
iniziale,8MN9
iniziale,NULL
iniziale,PmF5
iniziale,pUT5
iniziale,NULL
iniziale,NULL
iniziale,NULL
iniziale,NULL
iniziale,8b4T
iniziale,NULL
iniziale,BjnT
iniziale,NULL
iniziale,DVoN
iniziale,NULL
iniziale,NULL
iniziale,NULL
iniziale,NULL
iniziale,NULL
iniziale,NULL
iniziale,r9dL
iniziale,wZbC
iniziale,NULL
iniziale,NULL
iniziale,NULL
iniziale,8MN9
iniziale,NULL
iniziale,NULL
iniziale,XuBS
iniziale,NULL
iniziale,NULL
iniziale,MAvb
iniziale,JWQE
iniziale,KDh3
iniziale,KDh3
iniziale,NULL
iniziale,NULL
iniziale,NULL
iniziale,NULL
iniziale,s9qb
iniziale,PmF5
iniziale,NULL
iniziale,PI7R
iniziale,NULL
iniziale,szmC
iniziale,iUwt
iniziale,NULL
iniziale,NULL
iniziale,NULL
iniziale,Whzc
iniziale,NULL
iniziale,NULL
iniziale,NULL
iniziale,NULL
iniziale,NULL
iniziale,NULL
iniziale,NULL
iniziale,b9bk
iniziale,wZbC
iniziale,NULL
iniziale,NULL
iniziale,1Jd8
iniziale,VyYw
iniziale,NULL
iniziale,NULL
iniziale,s9qb
iniziale,6T7l
iniziale,NULL
iniziale,NULL
iniziale,58EH
iniziale,NULL
iniziale,NULL
iniziale,NULL
iniziale,NULL
iniziale,NULL
iniziale,NULL
iniziale,NULL
iniziale,NULL
iniziale,NULL
iniziale,p5TI
iniziale,NULL
iniziale,NULL
iniziale,NULL
iniziale,NULL
iniziale,x5Ij
iniziale,Ozku
iniziale,NULL
iniziale,pXRD
iniziale,NULL
iniziale,NULL
iniziale,NULL
iniziale,RbN2
iniziale,MAvb
iniziale,NULL
iniziale,vGqC
iniziale,NULL
iniziale,NULL
iniziale,NULL
iniziale,7dyp
iniziale,XuBS
iniziale,Ozku
iniziale,NULL
iniziale,NULL
iniziale,NULL
iniziale,UcE9
iniziale,NULL
iniziale,NULL
iniziale,NULL
iniziale,HlUe
iniziale,NULL
iniziale,qmNK
iniziale,NULL
iniziale,NULL
iniziale,NULL
iniziale,NULL
iniziale,NULL
iniziale,NULL
iniziale,6T7l
iniziale,nqfF
iniziale,NULL
iniziale,NULL
iniziale,MAvb
iniziale,BjnT
iniziale,NULL
iniziale,NULL
iniziale,NULL
iniziale,NULL
iniziale,NULL
iniziale,NULL
iniziale,s9qb
iniziale,NULL
iniziale,lU58
iniziale,NULL
iniziale,NULL
iniziale,Bemc
iniziale,NULL
iniziale,NULL
iniziale,NULL
iniziale,NULL
iniziale,NULL
iniziale,p5TI
iniziale,NULL
iniziale,NULL
iniziale,pUT5
iniziale,NULL
iniziale,vGqC
iniziale,NULL
iniziale,NULL
iniziale,lrKx
iniziale,NULL
iniziale,NULL
iniziale,2OTQ
iniziale,NULL
iniziale,jGn3
iniziale,NULL
iniziale,CVgy
iniziale,NULL
iniziale,NULL
iniziale,NULL
iniziale,NULL
iniziale,NULL
iniziale,oRlX
iniziale,Jvb7
iniziale,NULL
iniziale,oRlX
iniziale,NULL
iniziale,NULL
iniziale,NULL
iniziale,lX9P
iniziale,yxjE
iniziale,NULL
iniziale,NULL
iniziale,NULL
iniziale,NULL
iniziale,NULL
iniziale,NULL
iniziale,NULL
iniziale,7lVN
iniziale,NULL
iniziale,NULL
iniziale,6zuA
iniziale,NULL
iniziale,NULL
iniziale,NULL
iniziale,NULL
iniziale,ks68
iniziale,cPK5
iniziale,NULL
iniziale,NULL
iniziale,aMUn
iniziale,NULL
iniziale,X6Pr
iniziale,NULL
iniziale,92rW
iniziale,NULL
iniziale,NULL
iniziale,NULL
iniziale,NULL
iniziale,NULL
iniziale,a0ci
iniziale,kdAM
iniziale,NULL
iniziale,rhf5
iniziale,NULL
iniziale,NULL
iniziale,tweL
iniziale,NULL
iniziale,NULL
iniziale,NULL
iniziale,NULL
iniziale,3Z0A
iniziale,NULL
iniziale,NULL
iniziale,NULL
iniziale,aMUn
iniziale,NULL
iniziale,BtdX
iniziale,06ba
iniziale,NULL
iniziale,NULL
iniziale,NULL
iniziale,NULL
iniziale,NULL
iniziale,NULL
iniziale,NULL
iniziale,NULL
iniziale,WKXF
iniziale,NULL
iniziale,NULL
iniziale,NULL
iniziale,eAQO
iniziale,KDh3
iniziale,NULL
iniziale,NULL
iniziale,NULL
iniziale,diQJ
iniziale,NULL
iniziale,pMnp
iniziale,CFUk
iniziale,NULL
iniziale,DjsG
iniziale,NULL
iniziale,Ir2x
iniziale,NULL
iniziale,lQKL
iniziale,NULL
iniziale,1FnT
iniziale,3Z0A
iniziale,NULL
iniziale,NULL
iniziale,NULL
iniziale,ISo7
iniziale,vhbG
iniziale,tweL
iniziale,NULL
iniziale,eAQO
iniziale,NULL
iniziale,NULL
iniziale,NULL
iniziale,NULL
iniziale,dxyy
iniziale,NULL
iniziale,NULL
iniziale,NULL
iniziale,NULL
iniziale,MAqM
iniziale,NULL
iniziale,NULL
iniziale,7AAR
iniziale,Csgh
iniziale,R4HM
iniziale,NULL
iniziale,NULL
iniziale,NULL
iniziale,NULL
iniziale,BtdX
iniziale,NULL
iniziale,NULL
iniziale,oT9G
iniziale,X6Pr
iniziale,NULL
iniziale,NULL
iniziale,vMHi
iniziale,NULL
iniziale,NULL
iniziale,NULL
iniziale,NULL
iniziale,NULL
iniziale,NULL
iniziale,NULL
iniziale,NULL
iniziale,NULL
iniziale,NULL
iniziale,XfdP
iniziale,XfdP
iniziale,NULL
iniziale,NULL
iniziale,NULL
iniziale,NULL
iniziale,NULL
iniziale,DjsG
iniziale,NULL
iniziale,NULL
iniziale,cPK5
iniziale,NULL
iniziale,NULL
iniziale,NULL
iniziale,NULL
iniziale,NULL
iniziale,uzIm
iniziale,NULL
iniziale,NULL
iniziale,NULL
iniziale,mrqy
iniziale,NULL
iniziale,NULL
iniziale,NULL
iniziale,NULL
iniziale,LKLD
iniziale,NULL
iniziale,NULL
iniziale,NULL
iniziale,NULL
iniziale,NULL
iniziale,NULL
iniziale,NULL
iniziale,NULL
iniziale,NULL
iniziale,NULL
iniziale,NULL
iniziale,NULL
iniziale,NULL
iniziale,NULL
iniziale,NULL
iniziale,NULL
iniziale,5GHN
iniziale,ISo7
iniziale,NULL
iniziale,NULL
iniziale,NULL
iniziale,X6Pr
iniziale,NULL
iniziale,4RUb
iniziale,NULL
iniziale,NULL
iniziale,NULL
iniziale,NULL
iniziale,NULL
iniziale,NHfB
iniziale,NULL
iniziale,NULL
iniziale,NULL
iniziale,lQKL
iniziale,hTL8
iniziale,4x3T
iniziale,Ir2x
iniziale,3Z0A
iniziale,NULL
iniziale,NULL
iniziale,NULL
iniziale,NULL
iniziale,Idx6
iniziale,NULL
iniziale,NULL
iniziale,NULL
iniziale,yEK8
iniziale,NULL
iniziale,NULL
iniziale,U7Nx
iniziale,XfdP
iniziale,m5ch
iniziale,ueEB
iniziale,NULL
iniziale,NULL
iniziale,NULL
iniziale,3hrO
iniziale,NULL
iniziale,92rW
iniziale,g4uv
iniziale,NULL
iniziale,tY7c
iniziale,NULL
iniziale,NULL
iniziale,zUAV
iniziale,NULL

